student_id,job_id,possessed_skills_count,missing_skills_count,skills_match_ratio,certificates_count,certificate_ratio,certificate_quality_score,grades_score,gpa_value,total_skills,certified_skills,certified_skills_ratio,faculty_alignment_score,experience_proxy_score,skill_relevance_score,skill_coverage_score,overall_readiness_score,required_skills_count,composite_score,engagement_label
12201700002,2,0,5,0.0,0,0.0,0,3.7142857142857144,3.66,0,0,0,0.5,0.0,0.0,0.0,0.33571428571428574,5,25.28571428571429,low
12201700004,2,0,5,0.0,0,0.0,0,3.5714285714285716,3.05,0,0,0,0.5,0.0,0.0,0.0,0.3285714285714286,5,24.42857142857143,low
12201700005,2,0,5,0.0,0,0.0,0,2.642857142857143,2.98,0,0,0,0.5,0.0,0.0,0.0,0.28214285714285714,5,18.857142857142858,low
12201700006,2,0,5,0.0,0,0.0,0,3.5714285714285716,3.49,0,0,0,0.5,0.0,0.0,0.0,0.3285714285714286,5,24.42857142857143,low
12201700007,2,0,5,0.0,0,0.0,0,3.357142857142857,3.27,0,0,0,0.5,0.0,0.0,0.0,0.31785714285714284,5,23.142857142857146,low
12201700008,2,0,5,0.0,0,0.0,0,2.5714285714285716,3.15,0,0,0,0.5,0.0,0.0,0.0,0.2785714285714286,5,18.42857142857143,low
12201700011,2,0,5,0.0,0,0.0,0,3.2142857142857144,3.44,0,0,0,0.5,0.0,0.0,0.0,0.3107142857142857,5,22.28571428571429,low
12201700013,2,0,5,0.0,0,0.0,0,2.7857142857142856,3.26,0,0,0,0.5,0.0,0.0,0.0,0.28928571428571426,5,19.714285714285715,low
12201700014,2,0,5,0.0,0,0.0,0,2.230769230769231,2.75,0,0,0,0.5,0.0,0.0,0.0,0.26153846153846155,5,16.384615384615387,low
12201700017,2,0,5,0.0,0,0.0,0,2.7857142857142856,3.46,0,0,0,0.5,0.0,0.0,0.0,0.28928571428571426,5,19.714285714285715,low
12201700028,2,0,5,0.0,0,0.0,0,2.857142857142857,3.38,0,0,0,0.5,0.0,0.0,0.0,0.29285714285714287,5,20.142857142857146,low
12201700030,2,0,5,0.0,0,0.0,0,3.0,3.23,0,0,0,0.5,0.0,0.0,0.0,0.30000000000000004,5,21.0,low
12201700031,2,0,5,0.0,0,0.0,0,3.9285714285714284,3.75,0,0,0,0.5,0.0,0.0,0.0,0.3464285714285714,5,26.57142857142857,low
12201700032,2,0,5,0.0,0,0.0,0,2.7142857142857144,3.12,0,0,0,0.5,0.0,0.0,0.0,0.2857142857142857,5,19.28571428571429,low
12201700038,2,0,5,0.0,0,0.0,0,3.142857142857143,3.36,0,0,0,0.5,0.0,0.0,0.0,0.30714285714285716,5,21.857142857142858,low
12201700040,2,0,5,0.0,0,0.0,0,3.7142857142857144,3.77,0,0,0,0.5,0.0,0.0,0.0,0.33571428571428574,5,25.28571428571429,low
12201700042,2,0,5,0.0,0,0.0,0,3.0,3.13,0,0,0,0.5,0.0,0.0,0.0,0.30000000000000004,5,21.0,low
12201700046,2,0,5,0.0,0,0.0,0,2.5,2.85,0,0,0,0.5,0.0,0.0,0.0,0.275,5,18.0,low
12201700047,2,0,5,0.0,0,0.0,0,3.6,3.59,0,0,0,0.5,0.0,0.0,0.0,0.33,5,24.6,low
12201700051,2,0,5,0.0,0,0.0,0,3.5,3.5,0,0,0,0.5,0.0,0.0,0.0,0.325,5,24.0,low
12201700052,2,0,5,0.0,0,0.0,0,3.2857142857142856,3.62,0,0,0,0.5,0.0,0.0,0.0,0.3142857142857143,5,22.71428571428571,low
12201700053,2,0,5,0.0,0,0.0,0,3.7,3.67,0,0,0,0.5,0.0,0.0,0.0,0.335,5,25.2,low
12201700054,2,0,5,0.0,0,0.0,0,2.6153846153846154,2.8,0,0,0,0.5,0.0,0.0,0.0,0.28076923076923077,5,18.692307692307693,low
12201705001,2,0,5,0.0,0,0.0,0,2.4166666666666665,2.76,0,0,0,0.5,0.0,0.0,0.0,0.2708333333333333,5,17.5,low
12201705002,2,0,5,0.0,0,0.0,0,2.9785714285714286,3.06,0,0,0,0.5,0.0,0.0,0.0,0.29892857142857143,5,20.871428571428574,low
12201705003,2,0,5,0.0,0,0.0,0,3.2,2.88,0,0,0,0.5,0.0,0.0,0.0,0.31000000000000005,5,22.200000000000003,low
12201705005,2,0,5,0.0,0,0.0,0,2.9285714285714284,3.17,0,0,0,0.5,0.0,0.0,0.0,0.29642857142857143,5,20.57142857142857,low
12201705006,2,0,5,0.0,0,0.0,0,2.857142857142857,2.94,0,0,0,0.5,0.0,0.0,0.0,0.29285714285714287,5,20.142857142857146,low
12201705007,2,0,5,0.0,0,0.0,0,3.090909090909091,3.3,0,0,0,0.5,0.0,0.0,0.0,0.30454545454545456,5,21.545454545454547,low
12201705008,2,0,5,0.0,0,0.0,0,3.9285714285714284,3.85,0,0,0,0.5,0.0,0.0,0.0,0.3464285714285714,5,26.57142857142857,low
12201705010,2,0,5,0.0,0,0.0,0,3.2857142857142856,3.18,0,0,0,0.5,0.0,0.0,0.0,0.3142857142857143,5,22.71428571428571,low
12201705011,2,0,5,0.0,0,0.0,0,3.5,2.8,0,0,0,0.5,0.0,0.0,0.0,0.325,5,24.0,low
12201705012,2,0,5,0.0,0,0.0,0,3.5,3.33,0,0,0,0.5,0.0,0.0,0.0,0.325,5,24.0,low
12201705013,2,0,5,0.0,0,0.0,0,3.5,3.33,0,0,0,0.5,0.0,0.0,0.0,0.325,5,24.0,low
12201705014,2,0,5,0.0,0,0.0,0,3.5,3.4,0,0,0,0.5,0.0,0.0,0.0,0.325,5,24.0,low
12201705015,2,0,5,0.0,0,0.0,0,3.5714285714285716,3.63,0,0,0,0.5,0.0,0.0,0.0,0.3285714285714286,5,24.42857142857143,low
12201705016,2,0,5,0.0,0,0.0,0,2.5,0.0,0,0,0,0.5,0.0,0.0,0.0,0.275,5,18.0,low
12201705017,2,0,5,0.0,0,0.0,0,3.0,3.03,0,0,0,0.5,0.0,0.0,0.0,0.30000000000000004,5,21.0,low
12201705018,2,0,5,0.0,0,0.0,0,3.0,3.44,0,0,0,0.5,0.0,0.0,0.0,0.30000000000000004,5,21.0,low
12201705019,2,0,5,0.0,0,0.0,0,2.9285714285714284,2.94,0,0,0,0.5,0.0,0.0,0.0,0.29642857142857143,5,20.57142857142857,low
12201705020,2,0,5,0.0,0,0.0,0,3.357142857142857,3.31,0,0,0,0.5,0.0,0.0,0.0,0.31785714285714284,5,23.142857142857146,low
12201705021,2,0,5,0.0,0,0.0,0,3.357142857142857,3.63,0,0,0,0.5,0.0,0.0,0.0,0.31785714285714284,5,23.142857142857146,low
12201705022,2,0,5,0.0,0,0.0,0,2.6153846153846154,3.17,0,0,0,0.5,0.0,0.0,0.0,0.28076923076923077,5,18.692307692307693,low
12201705023,2,0,5,0.0,0,0.0,0,2.7142857142857144,3.05,0,0,0,0.5,0.0,0.0,0.0,0.2857142857142857,5,19.28571428571429,low
12201705024,2,0,5,0.0,0,0.0,0,2.9285714285714284,2.86,0,0,0,0.5,0.0,0.0,0.0,0.29642857142857143,5,20.57142857142857,low
12201705025,2,0,5,0.0,0,0.0,0,2.857142857142857,2.86,0,0,0,0.5,0.0,0.0,0.0,0.29285714285714287,5,20.142857142857146,low
12201705026,2,0,5,0.0,0,0.0,0,3.5714285714285716,3.19,0,0,0,0.5,0.0,0.0,0.0,0.3285714285714286,5,24.42857142857143,low
12201705027,2,0,5,0.0,0,0.0,0,3.0714285714285716,3.21,0,0,0,0.5,0.0,0.0,0.0,0.3035714285714286,5,21.42857142857143,low
12201705028,2,0,5,0.0,0,0.0,0,2.7,3.03,0,0,0,0.5,0.0,0.0,0.0,0.28500000000000003,5,19.200000000000003,low
12201705029,2,0,5,0.0,0,0.0,0,3.142857142857143,2.97,0,0,0,0.5,0.0,0.0,0.0,0.30714285714285716,5,21.857142857142858,low
12201705030,2,0,5,0.0,0,0.0,0,3.0,3.07,0,0,0,0.5,0.0,0.0,0.0,0.30000000000000004,5,21.0,low
12201705031,2,0,5,0.0,0,0.0,0,2.0,2.0,0,0,0,0.5,0.0,0.0,0.0,0.25,5,15.0,low
12201705032,2,0,5,0.0,0,0.0,0,3.3733333333333335,3.36,0,0,0,0.5,0.0,0.0,0.0,0.31866666666666665,5,23.240000000000006,low
12201705033,2,0,5,0.0,0,0.0,0,3.5384615384615383,3.4,0,0,0,0.5,0.0,0.0,0.0,0.3269230769230769,5,24.23076923076923,low
12201705034,2,0,5,0.0,0,0.0,0,1.8888888888888888,2.36,0,0,0,0.5,0.0,0.0,0.0,0.24444444444444444,5,14.333333333333334,low
12201705035,2,0,5,0.0,0,0.0,0,2.7142857142857144,3.03,0,0,0,0.5,0.0,0.0,0.0,0.2857142857142857,5,19.28571428571429,low
12201705036,2,0,5,0.0,0,0.0,0,3.5,3.4,0,0,0,0.5,0.0,0.0,0.0,0.325,5,24.0,low
12201705037,2,0,5,0.0,0,0.0,0,2.8181818181818183,2.29,0,0,0,0.5,0.0,0.0,0.0,0.2909090909090909,5,19.90909090909091,low
12201705038,2,0,5,0.0,0,0.0,0,2.5,2.8,0,0,0,0.5,0.0,0.0,0.0,0.275,5,18.0,low
12201705039,2,0,5,0.0,0,0.0,0,3.0,3.0,0,0,0,0.5,0.0,0.0,0.0,0.30000000000000004,5,21.0,low
12201705041,2,0,5,0.0,0,0.0,0,3.2,3.0,0,0,0,0.5,0.0,0.0,0.0,0.31000000000000005,5,22.200000000000003,low
12201705042,2,0,5,0.0,0,0.0,0,2.923076923076923,3.26,0,0,0,0.5,0.0,0.0,0.0,0.29615384615384616,5,20.538461538461537,low
12201705043,2,0,5,0.0,0,0.0,0,3.0,2.8,0,0,0,0.5,0.0,0.0,0.0,0.30000000000000004,5,21.0,low
12201705044,2,0,5,0.0,0,0.0,0,3.2857142857142856,3.35,0,0,0,0.5,0.0,0.0,0.0,0.3142857142857143,5,22.71428571428571,low
12201705045,2,0,5,0.0,0,0.0,0,2.8,2.14,0,0,0,0.5,0.0,0.0,0.0,0.29,5,19.8,low
12201705046,2,0,5,0.0,0,0.0,0,3.0,2.8,0,0,0,0.5,0.0,0.0,0.0,0.30000000000000004,5,21.0,low
12201705047,2,0,5,0.0,0,0.0,0,3.0,2.0,0,0,0,0.5,0.0,0.0,0.0,0.30000000000000004,5,21.0,low
12201705048,2,0,5,0.0,0,0.0,0,3.0,3.0,0,0,0,0.5,0.0,0.0,0.0,0.30000000000000004,5,21.0,low
12201705049,2,0,5,0.0,0,0.0,0,2.6,3.05,0,0,0,0.5,0.0,0.0,0.0,0.28,5,18.6,low
12201705050,2,0,5,0.0,0,0.0,0,2.2,2.5,0,0,0,0.5,0.0,0.0,0.0,0.26,5,16.200000000000003,low
12201705051,2,0,5,0.0,0,0.0,0,2.5,0.0,0,0,0,0.5,0.0,0.0,0.0,0.275,5,18.0,low
12201705052,2,0,5,0.0,0,0.0,0,2.7142857142857144,3.06,0,0,0,0.5,0.0,0.0,0.0,0.2857142857142857,5,19.28571428571429,low
12201705053,2,0,5,0.0,0,0.0,0,3.769230769230769,3.3,0,0,0,0.5,0.0,0.0,0.0,0.3384615384615385,5,25.615384615384617,low
12201705054,2,0,5,0.0,0,0.0,0,3.0,2.23,0,0,0,0.5,0.0,0.0,0.0,0.30000000000000004,5,21.0,low
12201800001,2,0,5,0.0,0,0.0,0,3.9166666666666665,3.82,0,0,0,0.5,0.0,0.0,0.0,0.3458333333333333,5,26.5,low
12201800002,2,0,5,0.0,0,0.0,0,3.923076923076923,3.7,0,0,0,0.5,0.0,0.0,0.0,0.34615384615384615,5,26.538461538461537,low
12201800003,2,0,5,0.0,0,0.0,0,2.75,2.99,0,0,0,0.5,0.0,0.0,0.0,0.2875,5,19.5,low
12201800004,2,0,5,0.0,0,0.0,0,3.5384615384615383,3.56,0,0,0,0.5,0.0,0.0,0.0,0.3269230769230769,5,24.23076923076923,low
12201800005,2,0,5,0.0,0,0.0,0,3.1666666666666665,3.62,0,0,0,0.5,0.0,0.0,0.0,0.30833333333333335,5,22.0,low
12201800006,2,0,5,0.0,0,0.0,0,3.3333333333333335,3.41,0,0,0,0.5,0.0,0.0,0.0,0.31666666666666665,5,23.0,low
12201800007,2,0,5,0.0,0,0.0,0,3.5,3.27,0,0,0,0.5,0.0,0.0,0.0,0.325,5,24.0,low
12201800008,2,0,5,0.0,0,0.0,0,3.5833333333333335,3.44,0,0,0,0.5,0.0,0.0,0.0,0.3291666666666667,5,24.500000000000004,low
12201800009,2,0,5,0.0,0,0.0,0,3.0,2.6,0,0,0,0.5,0.0,0.0,0.0,0.30000000000000004,5,21.0,low
12201800010,2,0,5,0.0,0,0.0,0,3.0,3.4,0,0,0,0.5,0.0,0.0,0.0,0.30000000000000004,5,21.0,low
12201800011,2,0,5,0.0,0,0.0,0,3.1888888888888887,3.21,0,0,0,0.5,0.0,0.0,0.0,0.3094444444444444,5,22.133333333333333,low
12201800012,2,0,5,0.0,0,0.0,0,2.715384615384615,3.12,0,0,0,0.5,0.0,0.0,0.0,0.2857692307692308,5,19.29230769230769,low
12201800013,2,0,5,0.0,0,0.0,0,3.25,3.36,0,0,0,0.5,0.0,0.0,0.0,0.3125,5,22.5,low
12201800014,2,0,5,0.0,0,0.0,0,3.6923076923076925,3.78,0,0,0,0.5,0.0,0.0,0.0,0.33461538461538465,5,25.153846153846157,low
12201800015,2,0,5,0.0,0,0.0,0,4.0,3.54,0,0,0,0.5,0.0,0.0,0.0,0.35,5,27.0,low
12201800016,2,0,5,0.0,0,0.0,0,3.4166666666666665,3.03,0,0,0,0.5,0.0,0.0,0.0,0.3208333333333333,5,23.5,low
12201800017,2,0,5,0.0,0,0.0,0,2.1666666666666665,2.83,0,0,0,0.5,0.0,0.0,0.0,0.2583333333333333,5,16.0,low
12201800018,2,0,5,0.0,0,0.0,0,2.6,2.89,0,0,0,0.5,0.0,0.0,0.0,0.28,5,18.6,low
12201800019,2,0,5,0.0,0,0.0,0,2.0,2.42,0,0,0,0.5,0.0,0.0,0.0,0.25,5,15.0,low
12201800020,2,0,5,0.0,0,0.0,0,3.3333333333333335,3.4,0,0,0,0.5,0.0,0.0,0.0,0.31666666666666665,5,23.0,low
12201800021,2,0,5,0.0,0,0.0,0,3.6666666666666665,3.46,0,0,0,0.5,0.0,0.0,0.0,0.33333333333333337,5,25.0,low
12201800023,2,0,5,0.0,0,0.0,0,2.5,3.0,0,0,0,0.5,0.0,0.0,0.0,0.275,5,18.0,low
12201800024,2,0,5,0.0,0,0.0,0,3.9166666666666665,3.78,0,0,0,0.5,0.0,0.0,0.0,0.3458333333333333,5,26.5,low
12201800025,2,0,5,0.0,0,0.0,0,2.5,1.0,0,0,0,0.5,0.0,0.0,0.0,0.275,5,18.0,low
12201800026,2,0,5,0.0,0,0.0,0,3.9166666666666665,3.88,0,0,0,0.5,0.0,0.0,0.0,0.3458333333333333,5,26.5,low
12201800027,2,0,5,0.0,0,0.0,0,3.3375,3.36,0,0,0,0.5,0.0,0.0,0.0,0.316875,5,23.025,low
12201800028,2,0,5,0.0,0,0.0,0,2.5,3.0,0,0,0,0.5,0.0,0.0,0.0,0.275,5,18.0,low
12201800029,2,0,5,0.0,0,0.0,0,3.75,3.69,0,0,0,0.5,0.0,0.0,0.0,0.3375,5,25.5,low
12201800030,2,0,5,0.0,0,0.0,0,2.9166666666666665,3.38,0,0,0,0.5,0.0,0.0,0.0,0.29583333333333334,5,20.5,low
12201800031,2,0,5,0.0,0,0.0,0,2.5,1.0,0,0,0,0.5,0.0,0.0,0.0,0.275,5,18.0,low
12201800032,2,0,5,0.0,0,0.0,0,2.5,2.0,0,0,0,0.5,0.0,0.0,0.0,0.275,5,18.0,low
12201800033,2,0,5,0.0,0,0.0,0,3.25,3.44,0,0,0,0.5,0.0,0.0,0.0,0.3125,5,22.5,low
12201800034,2,0,5,0.0,0,0.0,0,2.8333333333333335,3.31,0,0,0,0.5,0.0,0.0,0.0,0.2916666666666667,5,20.000000000000004,low
12201800035,2,0,5,0.0,0,0.0,0,3.976923076923077,3.85,0,0,0,0.5,0.0,0.0,0.0,0.34884615384615386,5,26.861538461538466,low
12201800036,2,0,5,0.0,0,0.0,0,3.4166666666666665,3.53,0,0,0,0.5,0.0,0.0,0.0,0.3208333333333333,5,23.5,low
12201800037,2,0,5,0.0,0,0.0,0,4.0,3.84,0,0,0,0.5,0.0,0.0,0.0,0.35,5,27.0,low
12201800038,2,0,5,0.0,0,0.0,0,2.0,3.0,0,0,0,0.5,0.0,0.0,0.0,0.25,5,15.0,low
12201800039,2,0,5,0.0,0,0.0,0,2.8333333333333335,3.49,0,0,0,0.5,0.0,0.0,0.0,0.2916666666666667,5,20.000000000000004,low
12201800040,2,0,5,0.0,0,0.0,0,3.5384615384615383,3.63,0,0,0,0.5,0.0,0.0,0.0,0.3269230769230769,5,24.23076923076923,low
12201800041,2,0,5,0.0,0,0.0,0,3.0,3.49,0,0,0,0.5,0.0,0.0,0.0,0.30000000000000004,5,21.0,low
12201800042,2,0,5,0.0,0,0.0,0,3.4384615384615387,3.39,0,0,0,0.5,0.0,0.0,0.0,0.321923076923077,5,23.630769230769232,low
12201800043,2,0,5,0.0,0,0.0,0,3.8333333333333335,3.76,0,0,0,0.5,0.0,0.0,0.0,0.3416666666666667,5,26.0,low
12201800044,2,0,5,0.0,0,0.0,0,3.5,3.6,0,0,0,0.5,0.0,0.0,0.0,0.325,5,24.0,low
12201800045,2,0,5,0.0,0,0.0,0,2.0,2.72,0,0,0,0.5,0.0,0.0,0.0,0.25,5,15.0,low
12201800046,2,0,5,0.0,0,0.0,0,3.6692307692307695,3.56,0,0,0,0.5,0.0,0.0,0.0,0.3334615384615385,5,25.01538461538462,low
12201800047,2,0,5,0.0,0,0.0,0,2.0,2.8,0,0,0,0.5,0.0,0.0,0.0,0.25,5,15.0,low
12201800048,2,0,5,0.0,0,0.0,0,3.4384615384615387,3.51,0,0,0,0.5,0.0,0.0,0.0,0.321923076923077,5,23.630769230769232,low
12201800049,2,0,5,0.0,0,0.0,0,3.0833333333333335,3.01,0,0,0,0.5,0.0,0.0,0.0,0.3041666666666667,5,21.500000000000004,low
12201800050,2,0,5,0.0,0,0.0,0,3.3333333333333335,3.53,0,0,0,0.5,0.0,0.0,0.0,0.31666666666666665,5,23.0,low
12201800052,2,0,5,0.0,0,0.0,0,3.0,2.33,0,0,0,0.5,0.0,0.0,0.0,0.30000000000000004,5,21.0,low
12201805001,2,0,5,0.0,0,0.0,0,3.3846153846153846,3.61,0,0,0,0.5,0.0,0.0,0.0,0.3192307692307692,5,23.307692307692307,low
12201805002,2,0,5,0.0,0,0.0,0,2.6363636363636362,3.15,0,0,0,0.5,0.0,0.0,0.0,0.2818181818181818,5,18.81818181818182,low
12201805003,2,0,5,0.0,0,0.0,0,3.0,3.0,0,0,0,0.5,0.0,0.0,0.0,0.30000000000000004,5,21.0,low
12201805004,2,0,5,0.0,0,0.0,0,3.0833333333333335,3.13,0,0,0,0.5,0.0,0.0,0.0,0.3041666666666667,5,21.500000000000004,low
12201805006,2,0,5,0.0,0,0.0,0,3.1769230769230767,3.46,0,0,0,0.5,0.0,0.0,0.0,0.3088461538461539,5,22.06153846153846,low
12201805007,2,0,5,0.0,0,0.0,0,2.6666666666666665,3.05,0,0,0,0.5,0.0,0.0,0.0,0.2833333333333333,5,19.0,low
12201805008,2,0,5,0.0,0,0.0,0,3.5153846153846158,3.82,0,0,0,0.5,0.0,0.0,0.0,0.3257692307692308,5,24.092307692307696,low
12201805009,2,0,5,0.0,0,0.0,0,3.076923076923077,3.66,0,0,0,0.5,0.0,0.0,0.0,0.3038461538461539,5,21.461538461538463,low
12201805010,2,0,5,0.0,0,0.0,0,3.207692307692308,3.6,0,0,0,0.5,0.0,0.0,0.0,0.31038461538461537,5,22.24615384615385,low
12201805011,2,0,5,0.0,0,0.0,0,1.0,2.71,0,0,0,0.5,0.0,0.0,0.0,0.2,5,9.0,low
12201805013,2,0,5,0.0,0,0.0,0,2.1666666666666665,2.99,0,0,0,0.5,0.0,0.0,0.0,0.2583333333333333,5,16.0,low
12201805014,2,0,5,0.0,0,0.0,0,2.25,2.91,0,0,0,0.5,0.0,0.0,0.0,0.2625,5,16.5,low
12201805015,2,0,5,0.0,0,0.0,0,3.2,3.44,0,0,0,0.5,0.0,0.0,0.0,0.31000000000000005,5,22.200000000000003,low
12201805016,2,0,5,0.0,0,0.0,0,3.4615384615384617,3.59,0,0,0,0.5,0.0,0.0,0.0,0.3230769230769231,5,23.769230769230774,low
12201805017,2,0,5,0.0,0,0.0,0,3.4545454545454546,3.53,0,0,0,0.5,0.0,0.0,0.0,0.32272727272727275,5,23.727272727272727,low
12201805018,2,0,5,0.0,0,0.0,0,2.0,2.71,0,0,0,0.5,0.0,0.0,0.0,0.25,5,15.0,low
12201805019,2,0,5,0.0,0,0.0,0,2.75,3.24,0,0,0,0.5,0.0,0.0,0.0,0.2875,5,19.5,low
12201805021,2,0,5,0.0,0,0.0,0,3.3076923076923075,3.47,0,0,0,0.5,0.0,0.0,0.0,0.3153846153846154,5,22.846153846153847,low
12201805022,2,0,5,0.0,0,0.0,0,2.746153846153846,3.5,0,0,0,0.5,0.0,0.0,0.0,0.2873076923076923,5,19.47692307692308,low
12201805023,2,0,5,0.0,0,0.0,0,2.4,2.82,0,0,0,0.5,0.0,0.0,0.0,0.27,5,17.4,low
12201805024,2,0,5,0.0,0,0.0,0,3.5153846153846158,3.67,0,0,0,0.5,0.0,0.0,0.0,0.3257692307692308,5,24.092307692307696,low
12201805025,2,0,5,0.0,0,0.0,0,2.923076923076923,3.37,0,0,0,0.5,0.0,0.0,0.0,0.29615384615384616,5,20.538461538461537,low
12201805026,2,0,5,0.0,0,0.0,0,3.3615384615384616,3.59,0,0,0,0.5,0.0,0.0,0.0,0.3180769230769231,5,23.16923076923077,low
12201805028,2,0,5,0.0,0,0.0,0,2.111111111111111,2.9,0,0,0,0.5,0.0,0.0,0.0,0.25555555555555554,5,15.666666666666668,low
12201805029,2,0,5,0.0,0,0.0,0,2.976923076923077,3.35,0,0,0,0.5,0.0,0.0,0.0,0.2988461538461539,5,20.861538461538462,low
12201805030,2,0,5,0.0,0,0.0,0,3.2857142857142856,2.79,0,0,0,0.5,0.0,0.0,0.0,0.3142857142857143,5,22.71428571428571,low
12201805031,2,0,5,0.0,0,0.0,0,2.5,3.0,0,0,0,0.5,0.0,0.0,0.0,0.275,5,18.0,low
12201805032,2,0,5,0.0,0,0.0,0,2.43,2.85,0,0,0,0.5,0.0,0.0,0.0,0.2715,5,17.580000000000002,low
12201805033,2,0,5,0.0,0,0.0,0,2.6153846153846154,3.44,0,0,0,0.5,0.0,0.0,0.0,0.28076923076923077,5,18.692307692307693,low
12201805034,2,0,5,0.0,0,0.0,0,2.3333333333333335,2.88,0,0,0,0.5,0.0,0.0,0.0,0.26666666666666666,5,17.0,low
12201805035,2,0,5,0.0,0,0.0,0,2.375,3.19,0,0,0,0.5,0.0,0.0,0.0,0.26875,5,17.25,low
12201805036,2,0,5,0.0,0,0.0,0,2.9000000000000004,3.29,0,0,0,0.5,0.0,0.0,0.0,0.29500000000000004,5,20.400000000000006,low
12201805037,2,0,5,0.0,0,0.0,0,2.0833333333333335,2.52,0,0,0,0.5,0.0,0.0,0.0,0.25416666666666665,5,15.5,low
12201805038,2,0,5,0.0,0,0.0,0,3.1769230769230767,3.63,0,0,0,0.5,0.0,0.0,0.0,0.3088461538461539,5,22.06153846153846,low
12201805039,2,0,5,0.0,0,0.0,0,2.5,3.0,0,0,0,0.5,0.0,0.0,0.0,0.275,5,18.0,low
12201805040,2,0,5,0.0,0,0.0,0,3.5555555555555554,3.17,0,0,0,0.5,0.0,0.0,0.0,0.3277777777777778,5,24.333333333333336,low
12201805041,2,0,5,0.0,0,0.0,0,3.3,3.67,0,0,0,0.5,0.0,0.0,0.0,0.315,5,22.8,low
12201805042,2,0,5,0.0,0,0.0,0,3.4857142857142853,3.59,0,0,0,0.5,0.0,0.0,0.0,0.3242857142857143,5,23.914285714285715,low
12201805043,2,0,5,0.0,0,0.0,0,3.5555555555555554,3.59,0,0,0,0.5,0.0,0.0,0.0,0.3277777777777778,5,24.333333333333336,low
12201805044,2,0,5,0.0,0,0.0,0,3.3333333333333335,2.96,0,0,0,0.5,0.0,0.0,0.0,0.31666666666666665,5,23.0,low
12201900001,2,0,5,0.0,0,0.0,0,3.7,3.35,0,0,0,0.5,0.0,0.0,0.0,0.335,5,25.2,low
12201900002,2,0,5,0.0,0,0.0,0,3.6,3.6,0,0,0,0.5,0.0,0.0,0.0,0.33,5,24.6,low
12201900003,2,0,5,0.0,0,0.0,0,3.7846153846153845,3.69,0,0,0,0.5,0.0,0.0,0.0,0.3392307692307692,5,25.70769230769231,low
12201900004,2,0,5,0.0,0,0.0,0,3.7,3.83,0,0,0,0.5,0.0,0.0,0.0,0.335,5,25.2,low
12201900005,2,0,5,0.0,0,0.0,0,3.0,3.38,0,0,0,0.5,0.0,0.0,0.0,0.30000000000000004,5,21.0,low
12201900006,2,0,5,0.0,0,0.0,0,3.5,3.13,0,0,0,0.5,0.0,0.0,0.0,0.325,5,24.0,low
12201900007,2,0,5,0.0,0,0.0,0,3.5833333333333335,3.8,0,0,0,0.5,0.0,0.0,0.0,0.3291666666666667,5,24.500000000000004,low
12201900008,2,0,5,0.0,0,0.0,0,2.5714285714285716,2.92,0,0,0,0.5,0.0,0.0,0.0,0.2785714285714286,5,18.42857142857143,low
12201900009,2,0,5,0.0,0,0.0,0,3.75,3.81,0,0,0,0.5,0.0,0.0,0.0,0.3375,5,25.5,low
12201900010,2,0,5,0.0,0,0.0,0,3.6923076923076925,3.69,0,0,0,0.5,0.0,0.0,0.0,0.33461538461538465,5,25.153846153846157,low
12201900011,2,0,5,0.0,0,0.0,0,3.5153846153846158,3.6,0,0,0,0.5,0.0,0.0,0.0,0.3257692307692308,5,24.092307692307696,low
12201900012,2,0,5,0.0,0,0.0,0,3.516666666666667,3.71,0,0,0,0.5,0.0,0.0,0.0,0.32583333333333336,5,24.1,low
12201900013,2,0,5,0.0,0,0.0,0,3.7,3.8,0,0,0,0.5,0.0,0.0,0.0,0.335,5,25.2,low
12201900014,2,0,5,0.0,0,0.0,0,4.0,3.7,0,0,0,0.5,0.0,0.0,0.0,0.35,5,27.0,low
12201900015,2,0,5,0.0,0,0.0,0,3.3,3.52,0,0,0,0.5,0.0,0.0,0.0,0.315,5,22.8,low
12201900016,2,0,5,0.0,0,0.0,0,3.6,3.76,0,0,0,0.5,0.0,0.0,0.0,0.33,5,24.6,low
12201900017,2,0,5,0.0,0,0.0,0,3.7700000000000005,3.79,0,0,0,0.5,0.0,0.0,0.0,0.3385,5,25.620000000000005,low
12201900018,2,0,5,0.0,0,0.0,0,3.7777777777777777,3.76,0,0,0,0.5,0.0,0.0,0.0,0.3388888888888889,5,25.666666666666668,low
12201900019,2,0,5,0.0,0,0.0,0,4.0,3.85,0,0,0,0.5,0.0,0.0,0.0,0.35,5,27.0,low
12201900020,2,0,5,0.0,0,0.0,0,3.7,3.76,0,0,0,0.5,0.0,0.0,0.0,0.335,5,25.2,low
12201900021,2,0,5,0.0,0,0.0,0,3.5,3.47,0,0,0,0.5,0.0,0.0,0.0,0.325,5,24.0,low
12201900022,2,0,5,0.0,0,0.0,0,3.7700000000000005,3.4,0,0,0,0.5,0.0,0.0,0.0,0.3385,5,25.620000000000005,low
12201900023,2,0,5,0.0,0,0.0,0,3.7700000000000005,3.87,0,0,0,0.5,0.0,0.0,0.0,0.3385,5,25.620000000000005,low
12201900024,2,0,5,0.0,0,0.0,0,3.5,3.66,0,0,0,0.5,0.0,0.0,0.0,0.325,5,24.0,low
12201900025,2,0,5,0.0,0,0.0,0,3.1,3.27,0,0,0,0.5,0.0,0.0,0.0,0.30500000000000005,5,21.6,low
12201900026,2,0,5,0.0,0,0.0,0,3.7777777777777777,3.81,0,0,0,0.5,0.0,0.0,0.0,0.3388888888888889,5,25.666666666666668,low
12201900027,2,0,5,0.0,0,0.0,0,3.34,3.27,0,0,0,0.5,0.0,0.0,0.0,0.317,5,23.04,low
12201900028,2,0,5,0.0,0,0.0,0,2.778571428571429,3.11,0,0,0,0.5,0.0,0.0,0.0,0.2889285714285714,5,19.671428571428574,low
12201900029,2,0,5,0.0,0,0.0,0,3.6666666666666665,2.78,0,0,0,0.5,0.0,0.0,0.0,0.33333333333333337,5,25.0,low
12201900030,2,0,5,0.0,0,0.0,0,3.6,3.78,0,0,0,0.5,0.0,0.0,0.0,0.33,5,24.6,low
12201900031,2,0,5,0.0,0,0.0,0,3.6,2.7,0,0,0,0.5,0.0,0.0,0.0,0.33,5,24.6,low
12201900032,2,0,5,0.0,0,0.0,0,3.1399999999999997,3.24,0,0,0,0.5,0.0,0.0,0.0,0.307,5,21.839999999999996,low
12201900033,2,0,5,0.0,0,0.0,0,3.476923076923077,3.57,0,0,0,0.5,0.0,0.0,0.0,0.3238461538461539,5,23.861538461538462,low
12201900034,2,0,5,0.0,0,0.0,0,3.7846153846153845,3.76,0,0,0,0.5,0.0,0.0,0.0,0.3392307692307692,5,25.70769230769231,low
12201900035,2,0,5,0.0,0,0.0,0,3.4,3.34,0,0,0,0.5,0.0,0.0,0.0,0.32,5,23.4,low
12201900036,2,0,5,0.0,0,0.0,0,3.5,2.79,0,0,0,0.5,0.0,0.0,0.0,0.325,5,24.0,low
synth_12201700002_0,2,1,4,0.23617756495309136,0,0.1630924707533503,0,3.7142857142857144,4.0,0,0,0,0.5,0.0,0.0,0.20694352727319493,0.43918604935088323,5,39.698676100638195,high
synth_12201700002_1,2,0,5,0.0,0,0.09274618598301514,0,3.7142857142857144,3.568318479356999,0,0,0,0.5,0.0,0.0,0.03709847439320606,0.35426352291088875,5,27.975353679221726,low
synth_12201700002_2,2,0,5,0.0,0,0.0,0,3.7142857142857144,3.5013310466126715,0,0,0,0.5,0.0,0.0,0.0,0.33571428571428574,5,25.28571428571429,low
synth_12201700002_3,2,0,5,0.0,0,0.03539648452720062,0,3.7142857142857144,4.0,0,0,0,0.5,0.0,0.0,0.014158593810880249,0.3427935826197258,5,26.312212337003103,low
synth_12201700004_0,2,0,5,0.19942687293832007,0,0.14326939783514758,0,3.5714285714285716,3.1659289130502795,0,0,0,0.5,0.0,0.0,0.17696388289705106,0.41705337001995413,5,36.75988575626183,low
synth_12201700004_1,2,0,5,0.02450126536440103,0,0.0,0,3.5714285714285716,2.8973432932053624,0,0,0,0.5,0.0,0.0,0.014700759218640619,0.3359218081807489,5,25.43312330851187,low
synth_12201700004_2,2,0,5,0.0,0,0.0,0,3.5714285714285716,2.848659688391692,0,0,0,0.5,0.0,0.0,0.0,0.3285714285714286,5,24.42857142857143,low
synth_12201700004_3,2,0,5,0.008572500881065799,0,0.07834086825381775,0,3.5714285714285716,3.4234970330036725,0,0,0,0.5,0.0,0.0,0.036479847830166584,0.34681135248651185,5,27.051929144055844,low
synth_12201700005_0,2,1,4,0.22843844011605413,0,0.1722556927645233,0,2.642857142857143,3.232036884231854,0,0,0,0.5,0.0,0.0,0.2059653411754418,0.38512552773057807,5,33.21853399207225,low
synth_12201700005_1,2,0,5,0.0,0,0.09139775493848733,0,2.642857142857143,2.9550239662788793,0,0,0,0.5,0.0,0.0,0.036559101975394935,0.3004224081305546,5,21.50767775035899,low
synth_12201700005_2,2,0,5,0.0,0,0.0,0,2.642857142857143,2.798737611907307,0,0,0,0.5,0.0,0.0,0.0,0.28214285714285714,5,18.857142857142858,low
synth_12201700005_3,2,0,5,0.0,0,0.16445924667656697,0,2.642857142857143,2.976948029233893,0,0,0,0.5,0.0,0.0,0.06578369867062679,0.31503470647817056,5,23.6264610107633,low
synth_12201700006_0,2,0,5,0.14145838495403656,0,0.08244898523291408,0,3.5714285714285716,3.595555932574569,0,0,0,0.5,0.0,0.0,0.11785462506558758,0.3874987411042224,5,32.61938578344144,low
synth_12201700006_1,2,0,5,0.07207651138085655,0,0.04253906735891444,0,3.5714285714285716,3.4268663968203756,0,0,0,0.5,0.0,0.0,0.06026153377207971,0.35870219545746845,5,28.617341348595065,low
synth_12201700006_2,2,0,5,0.0,0,0.0,0,3.5714285714285716,3.294308619454034,0,0,0,0.5,0.0,0.0,0.0,0.3285714285714286,5,24.42857142857143,low
synth_12201700006_3,2,0,5,0.07749347836811951,0,0.11829375299443719,0,3.5714285714285716,3.3721364385498935,0,0,0,0.5,0.0,0.0,0.09381358821864658,0.3754782226807519,5,31.036322878503007,low
synth_12201700007_0,2,1,4,0.20635370253922697,0,0.15468664869891224,0,3.357142857142857,3.374931241715429,0,0,0,0.5,0.0,0.0,0.18568688100310107,0.4107005833586934,5,36.08927175923391,low
synth_12201700007_1,2,0,5,0.09347772752766015,0,0.03866008058250239,0,3.357142857142857,3.1117099959515837,0,0,0,0.5,0.0,0.0,0.07155066874959705,0.35363247723194136,5,28.09658630838378,low
synth_12201700007_2,2,0,5,0.0,0,0.0,0,3.357142857142857,3.0817462575990184,0,0,0,0.5,0.0,0.0,0.0,0.31785714285714284,5,23.142857142857146,low
synth_12201700007_3,2,1,4,0.2253337992902993,0,0.0,0,3.357142857142857,3.3445846849367125,0,0,0,0.5,0.0,0.0,0.13520027957417957,0.3854572826442326,5,32.38154291375942,low
synth_12201700008_0,2,0,5,0.18253748295899813,0,0.06804610564599017,0,2.5714285714285716,3.5310352725860583,0,0,0,0.5,0.0,0.0,0.13674093203379495,0.346941894588326,5,27.885945293624072,low
synth_12201700008_1,2,0,5,0.0,0,0.05365002050095809,0,2.5714285714285716,3.002638343282034,0,0,0,0.5,0.0,0.0,0.021460008200383237,0.28930143267162023,5,19.984422023099217,low
synth_12201700008_2,2,0,5,0.0,0,0.0,0,2.5714285714285716,2.9331625070165352,0,0,0,0.5,0.0,0.0,0.0,0.2785714285714286,5,18.42857142857143,low
synth_12201700008_3,2,0,5,0.010893701670824688,0,0.0,0,2.5714285714285716,3.1597787654408735,0,0,0,0.5,0.0,0.0,0.0065362210024948126,0.281839539072676,5,18.875213197075244,low
synth_12201700011_0,2,0,5,0.1692800555458001,0,0.14041434529706853,0,3.2142857142857144,3.5550919059852073,0,0,0,0.5,0.0,0.0,0.15773377144630746,0.3895811714374394,5,33.29821257670707,low
synth_12201700011_1,2,0,5,0.0,0,0.0,0,3.2142857142857144,3.5918127903328574,0,0,0,0.5,0.0,0.0,0.0,0.3107142857142857,5,22.28571428571429,low
synth_12201700011_2,2,0,5,0.0,0,0.0,0,3.2142857142857144,3.1792271513245183,0,0,0,0.5,0.0,0.0,0.0,0.3107142857142857,5,22.28571428571429,low
synth_12201700011_3,2,0,5,0.0,0,0.19881694427433472,0,3.2142857142857144,3.3419719607390057,0,0,0,0.5,0.0,0.0,0.07952677770973389,0.3504776745691527,5,28.051405669669997,low
synth_12201700013_0,2,1,4,0.2790703361650969,0,0.16628527461515077,0,2.7857142857142856,3.3830528145352954,0,0,0,0.5,0.0,0.0,0.23395631154511842,0.40626387005827347,5,35.97844246089406,low
synth_12201700013_1,2,0,5,0.0,0,0.0,0,2.7857142857142856,3.3643624443716678,0,0,0,0.5,0.0,0.0,0.0,0.28928571428571426,5,19.714285714285715,low
synth_12201700013_2,2,0,5,0.0,0,0.0,0,2.7857142857142856,3.1236402433692425,0,0,0,0.5,0.0,0.0,0.0,0.28928571428571426,5,19.714285714285715,low
synth_12201700013_3,2,0,5,0.0,0,0.11236458893352966,0,2.7857142857142856,2.764305993721139,0,0,0,0.5,0.0,0.0,0.04494583557341186,0.3117586320724202,5,22.972858793358075,low
synth_12201700014_0,2,0,5,0.10476071027041606,0,0.15652231685725243,0,2.230769230769231,3.1149294941985413,0,0,0,0.5,0.0,0.0,0.1254653529051506,0.3242711379910368,5,25.21895169456276,low
synth_12201700014_1,2,0,5,0.0,0,0.040557470303986265,0,2.230769230769231,2.748061988619174,0,0,0,0.5,0.0,0.0,0.016222988121594506,0.2696499555992588,5,17.56078202343099,low
synth_12201700014_2,2,0,5,0.0,0,0.0,0,2.230769230769231,2.5227558065494193,0,0,0,0.5,0.0,0.0,0.0,0.26153846153846155,5,16.384615384615387,low
synth_12201700014_3,2,0,5,0.14758287652884264,0,0.06278315773376063,0,2.230769230769231,2.558682042303008,0,0,0,0.5,0.0,0.0,0.11366298901080983,0.3183699560438664,5,24.256224896576995,low
synth_12201700017_0,2,1,4,0.2311129128427917,0,0.15192775218221483,0,2.7857142857142856,3.5937358873857184,0,0,0,0.5,0.0,0.0,0.19943884857856095,0.38900513857499475,5,33.59581995412441,high
synth_12201700017_1,2,0,5,0.08152615216553824,0,0.0,0,2.7857142857142856,3.62954058438789,0,0,0,0.5,0.0,0.0,0.048915691299322946,0.3137435599353757,5,23.056857953072782,low
synth_12201700017_2,2,0,5,0.0,0,0.0,0,2.7857142857142856,3.32793525431172,0,0,0,0.5,0.0,0.0,0.0,0.28928571428571426,5,19.714285714285715,low
synth_12201700017_3,2,0,5,0.16930493235746327,0,0.055189460737119195,0,2.7857142857142856,3.4749302587031834,0,0,0,0.5,0.0,0.0,0.12365874370932564,0.3511150861403771,5,28.256282302318162,low
synth_12201700028_0,2,1,4,0.29009042268896673,0,0.1377476379456094,0,2.857142857142857,3.557167550311384,0,0,0,0.5,0.0,0.0,0.2291533087916238,0.4074337972529548,5,36.031245973527454,high
synth_12201700028_1,2,0,5,0.0,0,0.0,0,2.857142857142857,3.1983489182718277,0,0,0,0.5,0.0,0.0,0.0,0.29285714285714287,5,20.142857142857146,low
synth_12201700028_2,2,0,5,0.0,0,0.0,0,2.857142857142857,3.2087633815163676,0,0,0,0.5,0.0,0.0,0.0,0.29285714285714287,5,20.142857142857146,low
synth_12201700028_3,2,0,5,0.0,0,0.0,0,2.857142857142857,3.7227732085450853,0,0,0,0.5,0.0,0.0,0.0,0.29285714285714287,5,20.142857142857146,low
synth_12201700030_0,2,0,5,0.10898949474752301,0,0.17526795142381268,0,3.0,3.476845512533032,0,0,0,0.5,0.0,0.0,0.13550087741803887,0.36775043870901947,5,30.551339875939014,low
synth_12201700030_1,2,0,5,0.0,0,0.08102770532609589,0,3.0,3.2863129725288394,0,0,0,0.5,0.0,0.0,0.032411082130438355,0.3162055410652192,5,23.34980345445678,low
synth_12201700030_2,2,0,5,0.0,0,0.0,0,3.0,3.1061413151471937,0,0,0,0.5,0.0,0.0,0.0,0.30000000000000004,5,21.0,low
synth_12201700030_3,2,1,4,0.27353492097642956,0,0.1666269309360391,0,3.0,3.2307038985884247,0,0,0,0.5,0.0,0.0,0.23077172496027337,0.41538586248013676,5,37.04711275717875,low
synth_12201700031_0,2,1,4,0.2897559309589639,0,0.1005542973927443,0,3.9285714285714284,4.0,0,0,0,0.5,0.0,0.0,0.21407527753247607,0.4534662101948095,5,41.36749636513568,high
synth_12201700031_1,2,0,5,0.0,0,0.07465689665842211,0,3.9285714285714284,3.7889602476510067,0,0,0,0.5,0.0,0.0,0.029862758663368846,0.36135995076025584,5,28.736478574522813,low
synth_12201700031_2,2,0,5,0.0,0,0.0,0,3.9285714285714284,3.615663623838493,0,0,0,0.5,0.0,0.0,0.0,0.3464285714285714,5,26.57142857142857,low
synth_12201700031_3,2,0,5,0.025538812637243665,0,0.0,0,3.9285714285714284,4.0,0,0,0,0.5,0.0,0.0,0.015323287582346199,0.3540902152197445,5,27.61851988955556,low
synth_12201700032_0,2,0,5,0.18962339879179113,0,0.09619132707338923,0,2.7142857142857144,3.306896864212823,0,0,0,0.5,0.0,0.0,0.15225057010443038,0.3618395707665009,5,29.849822121306012,low
synth_12201700032_1,2,0,5,0.0,0,0.026762174567305008,0,2.7142857142857144,3.2158741328948146,0,0,0,0.5,0.0,0.0,0.010704869826922004,0.29106672062774674,5,20.061817348166134,low
synth_12201700032_2,2,0,5,0.0,0,0.0,0,2.7142857142857144,2.835038561314804,0,0,0,0.5,0.0,0.0,0.0,0.2857142857142857,5,19.28571428571429,low
synth_12201700032_3,2,0,5,0.02582940804663031,0,0.052740436930938175,0,2.7142857142857144,3.088329548013403,0,0,0,0.5,0.0,0.0,0.036593819600353454,0.30401119551446243,5,21.87419268662334,low
synth_12201700038_0,2,0,5,0.10389461079687455,0,0.18010666539553272,0,3.142857142857143,3.5943029997791114,0,0,0,0.5,0.0,0.0,0.1343794326363378,0.374332573461026,5,31.339915196285162,low
synth_12201700038_1,2,0,5,0.05808571485147729,0,0.005103069569734289,0,3.142857142857143,3.242649866366571,0,0,0,0.5,0.0,0.0,0.03689265673878009,0.32558918551224714,5,24.38664618357572,low
synth_12201700038_2,2,0,5,0.0,0,0.0,0,3.142857142857143,3.2160564073883005,0,0,0,0.5,0.0,0.0,0.0,0.30714285714285716,5,21.857142857142858,low
synth_12201700038_3,2,0,5,0.0,0,0.0,0,3.142857142857143,3.301116084078723,0,0,0,0.5,0.0,0.0,0.0,0.30714285714285716,5,21.857142857142858,low
synth_12201700040_0,2,0,5,0.19888000579090348,0,0.19745774146499367,0,3.7142857142857144,4.0,0,0,0,0.5,0.0,0.0,0.19831110006053956,0.4348698357445555,5,39.16606902562615,low
synth_12201700040_1,2,0,5,0.0,0,0.09961365527098805,0,3.7142857142857144,3.7565832243895683,0,0,0,0.5,0.0,0.0,0.03984546210839522,0.35563701676848336,5,28.174510288572943,low
synth_12201700040_2,2,0,5,0.0,0,0.0,0,3.7142857142857144,3.6580530399932005,0,0,0,0.5,0.0,0.0,0.0,0.33571428571428574,5,25.28571428571429,low
synth_12201700040_3,2,0,5,0.0,0,0.022622754290534314,0,3.7142857142857144,3.7802147343344896,0,0,0,0.5,0.0,0.0,0.009049101716213726,0.34023883657239257,5,25.941774160139783,low
synth_12201700042_0,2,1,4,0.2852761881219248,0,0.131954984416575,0,3.0,3.429364344091471,0,0,0,0.5,0.0,0.0,0.2239477066397849,0.41197385331989245,5,36.52301826107959,low
synth_12201700042_1,2,0,5,0.023817393463310466,0,0.0,0,3.0,3.1525460370867058,0,0,0,0.5,0.0,0.0,0.014290436077986279,0.3071452180389932,5,21.97651313199573,low
synth_12201700042_2,2,0,5,0.0,0,0.0,0,3.0,2.9657976757079814,0,0,0,0.5,0.0,0.0,0.0,0.30000000000000004,5,21.0,low
synth_12201700042_3,2,1,4,0.25172952724853864,0,0.11824415248232828,0,3.0,3.2219609881339997,0,0,0,0.5,0.0,0.0,0.1983353773420545,0.39916768867102725,5,34.7499910391776,low
synth_12201700046_0,2,0,5,0.19667276667491973,0,0.1998423705710543,0,2.5,3.169935899841774,0,0,0,0.5,0.0,0.0,0.19794060823337356,0.37397030411668675,5,31.859012180232284,low
synth_12201700046_1,2,0,5,0.0,0,0.06500016394889997,0,2.5,2.9155709624895247,0,0,0,0.5,0.0,0.0,0.02600006557955999,0.28800003278978,5,19.8850047545181,low
synth_12201700046_2,2,0,5,0.0,0,0.0,0,2.5,2.7319129870015395,0,0,0,0.5,0.0,0.0,0.0,0.275,5,18.0,low
synth_12201700046_3,2,0,5,0.06298962781409476,0,0.0,0,2.5,3.1423908945490435,0,0,0,0.5,0.0,0.0,0.037793776688456855,0.29389688834422845,5,20.582574740377886,low
synth_12201700047_0,2,0,5,0.12626552145946351,0,0.08282191952255452,0,3.6,3.9829144417643825,0,0,0,0.5,0.0,0.0,0.10888808068469992,0.38444404034234997,5,32.17872204599209,low
synth_12201700047_1,2,0,5,0.0,0,0.0870978978717084,0,3.6,3.495260914423442,0,0,0,0.5,0.0,0.0,0.03483915914868336,0.34741957957434166,5,27.125839038279544,low
synth_12201700047_2,2,0,5,0.0,0,0.0,0,3.6,3.4489342001066086,0,0,0,0.5,0.0,0.0,0.0,0.33,5,24.6,low
synth_12201700047_3,2,0,5,0.021588898006196445,0,0.19981508944845205,0,3.6,3.9827361901336427,0,0,0,0.5,0.0,0.0,0.0928793745830987,0.37643968729154936,5,31.279782412259166,low
synth_12201700051_0,2,0,5,0.18528456490593986,0,0.1380858767144656,0,3.5,3.8527031296531633,0,0,0,0.5,0.0,0.0,0.16640508962935016,0.4082025448146751,5,35.601157585863035,low
synth_12201700051_1,2,0,5,0.01530136757013982,0,0.09531420872828726,0,3.5,3.433606369037917,0,0,0,0.5,0.0,0.0,0.0473065040333988,0.3486532520166994,5,27.391468123496065,low
synth_12201700051_2,2,0,5,0.0,0,0.0,0,3.5,3.274018552780234,0,0,0,0.5,0.0,0.0,0.0,0.325,5,24.0,low
synth_12201700051_3,2,0,5,0.0,0,0.0,0,3.5,3.7774056663294573,0,0,0,0.5,0.0,0.0,0.0,0.325,5,24.0,low
synth_12201700052_0,2,0,5,0.19831221216731482,0,0.15684788690265647,0,3.2857142857142856,3.736334442435656,0,0,0,0.5,0.0,0.0,0.18172648206145148,0.40514895531644,5,35.39367513332266,low
synth_12201700052_1,2,0,5,0.0,0,0.08176198323173005,0,3.2857142857142856,3.616962725618609,0,0,0,0.5,0.0,0.0,0.03270479329269202,0.3306381109320603,5,25.085383228005885,low
synth_12201700052_2,2,0,5,0.0,0,0.0,0,3.2857142857142856,3.456734830693456,0,0,0,0.5,0.0,0.0,0.0,0.3142857142857143,5,22.71428571428571,low
synth_12201700052_3,2,0,5,0.0,0,0.0,0,3.2857142857142856,3.6364490769966205,0,0,0,0.5,0.0,0.0,0.0,0.3142857142857143,5,22.71428571428571,low
synth_12201700053_0,2,0,5,0.1043879093712486,0,0.16591225934696138,0,3.7,3.8089260268763017,0,0,0,0.5,0.0,0.0,0.1289976493615337,0.3994988246807669,5,34.29135980528307,low
synth_12201700053_1,2,0,5,0.05461304268750805,0,0.015352167976286926,0,3.7,3.633301637580553,0,0,0,0.5,0.0,0.0,0.038908692803019604,0.35445434640150986,5,27.884347621500154,low
synth_12201700053_2,2,0,5,0.0,0,0.0,0,3.7,3.540129489829234,0,0,0,0.5,0.0,0.0,0.0,0.335,5,25.2,low
synth_12201700053_3,2,0,5,0.0,0,0.0,0,3.7,3.836010186883469,0,0,0,0.5,0.0,0.0,0.0,0.335,5,25.2,low
synth_12201700054_0,2,0,5,0.10018351363540863,0,0.15287668607636412,0,2.6153846153846154,2.916420965892741,0,0,0,0.5,0.0,0.0,0.12126078261179082,0.3413996220751262,5,27.233255647574005,low
synth_12201700054_1,2,0,5,0.0,0,0.09328232610984809,0,2.6153846153846154,2.8792543368717842,0,0,0,0.5,0.0,0.0,0.037312930443939234,0.2994256959912004,5,21.397495149493288,low
synth_12201700054_2,2,0,5,0.0,0,0.0,0,2.6153846153846154,2.6510288688743184,0,0,0,0.5,0.0,0.0,0.0,0.28076923076923077,5,18.692307692307693,low
synth_12201700054_3,2,0,5,0.15987720121695773,0,0.083611077677392,0,2.6153846153846154,2.8040937529463976,0,0,0,0.5,0.0,0.0,0.12937075180113145,0.3454546066697965,5,27.67199419484733,low
synth_12201705001_0,2,1,4,0.22379380968400728,0,0.08785888678649639,0,2.4166666666666665,2.9977551669342857,0,0,0,0.5,0.0,0.0,0.16941984052500292,0.35554325359583483,5,29.223453913852694,low
synth_12201705001_1,2,0,5,0.0,0,0.02734905910876155,0,2.4166666666666665,2.709685035354597,0,0,0,0.5,0.0,0.0,0.01093962364350462,0.27630314515508564,5,18.293122714154087,low
synth_12201705001_2,2,0,5,0.0,0,0.0,0,2.4166666666666665,2.597812946481717,0,0,0,0.5,0.0,0.0,0.0,0.2708333333333333,5,17.5,low
synth_12201705001_3,2,0,5,0.0,0,0.0,0,2.4166666666666665,2.846582906242605,0,0,0,0.5,0.0,0.0,0.0,0.2708333333333333,5,17.5,low
synth_12201705002_0,2,1,4,0.24960024522205576,0,0.12356630196073601,0,2.9785714285714286,3.2044417182353264,0,0,0,0.5,0.0,0.0,0.19918666791752787,0.39852190538733534,5,34.68846138239421,low
synth_12201705002_1,2,0,5,0.09811713468455643,0,0.07686462629506936,0,2.9785714285714286,2.959810471089143,0,0,0,0.5,0.0,0.0,0.0896161313287616,0.3437366370929522,5,27.1233052560524,low
synth_12201705002_2,2,0,5,0.0,0,0.0,0,2.9785714285714286,2.774414179566528,0,0,0,0.5,0.0,0.0,0.0,0.29892857142857143,5,20.871428571428574,low
synth_12201705002_3,2,0,5,0.0,0,0.0027452127815801083,0,2.9785714285714286,3.269399137170363,0,0,0,0.5,0.0,0.0,0.0010980851126320434,0.2994776139848875,5,20.951039742094398,low
synth_12201705003_0,2,0,5,0.10803188038176118,0,0.117898857329587,0,3.2,3.0560048346695132,0,0,0,0.5,0.0,0.0,0.11197867116089151,0.3659893355804458,5,30.04837395821023,low
synth_12201705003_1,2,0,5,0.005149027616809049,0,0.037428542821999505,0,3.2,2.7652601693003778,0,0,0,0.5,0.0,0.0,0.018060833698885233,0.31903041684944267,5,23.496537874127156,low
synth_12201705003_2,2,0,5,0.0,0,0.0,0,3.2,2.5999072803375403,0,0,0,0.5,0.0,0.0,0.0,0.31000000000000005,5,22.200000000000003,low
synth_12201705003_3,2,0,5,0.0,0,0.0,0,3.2,2.5399586525860602,0,0,0,0.5,0.0,0.0,0.0,0.31000000000000005,5,22.200000000000003,low
synth_12201705005_0,2,1,4,0.2713815695101893,0,0.17953518075260827,0,2.9285714285714284,3.29425377513176,0,0,0,0.5,0.0,0.0,0.2346430140071569,0.41375007843214984,5,36.904593163171974,low
synth_12201705005_1,2,0,5,0.026250480761150913,0,0.027216441732149807,0,2.9285714285714284,3.27890680427306,0,0,0,0.5,0.0,0.0,0.026636865149550472,0.30974700400334665,5,22.436975092868103,low
synth_12201705005_2,2,0,5,0.0,0,0.0,0,2.9285714285714284,2.889788404910133,0,0,0,0.5,0.0,0.0,0.0,0.29642857142857143,5,20.57142857142857,low
synth_12201705005_3,2,0,5,0.0,0,0.0,0,2.9285714285714284,3.3638153642774986,0,0,0,0.5,0.0,0.0,0.0,0.29642857142857143,5,20.57142857142857,low
synth_12201705006_0,2,0,5,0.11560829691572916,0,0.055844779762998224,0,2.857142857142857,3.1157533253872134,0,0,0,0.5,0.0,0.0,0.09170289005463679,0.33870858788446123,5,26.502295929528987,low
synth_12201705006_1,2,0,5,0.017271350928756007,0,0.04228969231163793,0,2.857142857142857,3.136425627333436,0,0,0,0.5,0.0,0.0,0.027278687481908776,0.30649648659809725,5,22.07738360797364,low
synth_12201705006_2,2,0,5,0.0,0,0.0,0,2.857142857142857,2.77146792793971,0,0,0,0.5,0.0,0.0,0.0,0.29285714285714287,5,20.142857142857146,low
synth_12201705006_3,2,0,5,0.0,0,0.12749998561794226,0,2.857142857142857,3.050406023230538,0,0,0,0.5,0.0,0.0,0.05099999424717691,0.31835713998073134,5,23.84035672577747,low
synth_12201705007_0,2,1,4,0.2169536735481521,0,0.08315110018667357,0,3.090909090909091,3.6300730747875045,0,0,0,0.5,0.0,0.0,0.16343264420356068,0.3862617766472349,5,32.851937066342316,high
synth_12201705007_1,2,0,5,0.0,0,0.04140718384782087,0,3.090909090909091,3.343202683770285,0,0,0,0.5,0.0,0.0,0.01656287353912835,0.31282689131501873,5,22.74626287704135,low
synth_12201705007_2,2,0,5,0.0,0,0.0,0,3.090909090909091,3.194365340751854,0,0,0,0.5,0.0,0.0,0.0,0.30454545454545456,5,21.545454545454547,low
synth_12201705007_3,2,1,4,0.2582054346326075,0,0.0,0,3.090909090909091,3.0058434993885172,0,0,0,0.5,0.0,0.0,0.15492326077956448,0.3820070849352368,5,32.13187736539145,low
synth_12201705008_0,2,0,5,0.19222352705649134,0,0.08967380310971126,0,3.9285714285714284,4.0,0,0,0,0.5,0.0,0.0,0.15120363747777932,0.42203039016746113,5,37.05313347092634,low
synth_12201705008_1,2,0,5,0.07431859126822624,0,0.0,0,3.9285714285714284,3.7087845106320825,0,0,0,0.5,0.0,0.0,0.04459115476093574,0.36872414880903925,5,29.618490813425847,low
synth_12201705008_2,2,0,5,0.0,0,0.0,0,3.9285714285714284,3.679519757686711,0,0,0,0.5,0.0,0.0,0.0,0.3464285714285714,5,26.57142857142857,low
synth_12201705008_3,2,0,5,0.0,0,0.0,0,3.9285714285714284,3.548028257601273,0,0,0,0.5,0.0,0.0,0.0,0.3464285714285714,5,26.57142857142857,low
synth_12201705010_0,2,0,5,0.169449076404369,0,0.15347048687283588,0,3.2857142857142856,3.3137566092208237,0,0,0,0.5,0.0,0.0,0.16305764059175573,0.3958145345815921,5,34.112341966177084,low
synth_12201705010_1,2,0,5,0.0511129457875977,0,0.015288354152971431,0,3.2857142857142856,3.374500905335056,0,0,0,0.5,0.0,0.0,0.03678310913374719,0.33267726885258786,5,25.253278762013387,low
synth_12201705010_2,2,0,5,0.0,0,0.0,0,3.2857142857142856,3.0796930921311505,0,0,0,0.5,0.0,0.0,0.0,0.3142857142857143,5,22.71428571428571,low
synth_12201705010_3,2,0,5,0.0924695593211168,0,0.0,0,3.2857142857142856,3.4051420910268355,0,0,0,0.5,0.0,0.0,0.055481735592670084,0.3420265820820493,5,26.5055376464515,low
synth_12201705011_0,2,0,5,0.12244327594425292,0,0.07438229034063874,0,3.5,2.9446137744341847,0,0,0,0.5,0.0,0.0,0.10321888170280724,0.37660944085140363,5,31.177260733592895,low
synth_12201705011_1,2,0,5,0.04375927599471294,0,0.0,0,3.5,2.736074599038448,0,0,0,0.5,0.0,0.0,0.026255565596827762,0.33812778279841393,5,25.794130315783235,low
synth_12201705011_2,2,0,5,0.0,0,0.0,0,3.5,2.646556432686327,0,0,0,0.5,0.0,0.0,0.0,0.325,5,24.0,low
synth_12201705011_3,2,0,5,0.0,0,0.0,0,3.5,2.822572319551353,0,0,0,0.5,0.0,0.0,0.0,0.325,5,24.0,low
synth_12201705012_0,2,1,4,0.21351685364704862,0,0.16081878548025189,0,3.5,3.700637214265195,0,0,0,0.5,0.0,0.0,0.1924376263803299,0.42121881319016496,5,37.4179357784563,high
synth_12201705012_1,2,0,5,0.06281293199070931,0,0.0,0,3.5,3.4742485441008784,0,0,0,0.5,0.0,0.0,0.03768775919442558,0.3438438795972128,5,26.575330211619082,low
synth_12201705012_2,2,0,5,0.0,0,0.0,0,3.5,3.1343077312207686,0,0,0,0.5,0.0,0.0,0.0,0.325,5,24.0,low
synth_12201705012_3,2,1,4,0.21145022468941857,0,0.028944850110374176,0,3.5,3.274755585531504,0,0,0,0.5,0.0,0.0,0.1384480748578008,0.39422403742890044,5,33.50885986546702,low
synth_12201705013_0,2,1,4,0.2157839546136449,0,0.08316421694297876,0,3.5,3.7226411573879936,0,0,0,0.5,0.0,0.0,0.16273605954537845,0.40636802977268927,5,35.25890443050582,high
synth_12201705013_1,2,0,5,0.0,0,0.0,0,3.5,3.260501990276309,0,0,0,0.5,0.0,0.0,0.0,0.325,5,24.0,low
synth_12201705013_2,2,0,5,0.0,0,0.0,0,3.5,3.078879720393957,0,0,0,0.5,0.0,0.0,0.0,0.325,5,24.0,low
synth_12201705013_3,2,0,5,0.1720618284539164,0,0.11369201199935144,0,3.5,3.453622818683026,0,0,0,0.5,0.0,0.0,0.1487139018720904,0.3993569509360452,5,34.35160331459176,low
synth_12201705014_0,2,1,4,0.25547995463766043,0,0.1655931853851631,0,3.5,3.6290389316619125,0,0,0,0.5,0.0,0.0,0.2195252469366615,0.4347626234683307,5,39.27688051631381,high
synth_12201705014_1,2,0,5,0.05753889179192412,0,0.036181685779212325,0,3.5,3.5244712392000284,0,0,0,0.5,0.0,0.0,0.0489960093868394,0.34949800469341974,5,27.408363451066048,low
synth_12201705014_2,2,0,5,0.0,0,0.0,0,3.5,3.2921215679446805,0,0,0,0.5,0.0,0.0,0.0,0.325,5,24.0,low
synth_12201705014_3,2,1,4,0.2593893511520436,0,0.0,0,3.5,3.35529565283183,0,0,0,0.5,0.0,0.0,0.15563361069122614,0.40281680534561304,5,34.63496339723378,low
synth_12201705015_0,2,0,5,0.1678000325840076,0,0.18535321798065546,0,3.5714285714285716,3.746509586181607,0,0,0,0.5,0.0,0.0,0.17482130674266677,0.415982081942762,5,36.683616085954746,low
synth_12201705015_1,2,0,5,0.0,0,0.0536316399170107,0,3.5714285714285716,3.487980187663128,0,0,0,0.5,0.0,0.0,0.02145265596680428,0.33929775655483074,5,25.983888986164743,low
synth_12201705015_2,2,0,5,0.0,0,0.0,0,3.5714285714285716,3.4260574103878487,0,0,0,0.5,0.0,0.0,0.0,0.3285714285714286,5,24.42857142857143,low
synth_12201705015_3,2,0,5,0.0400129823666008,0,0.0,0,3.5714285714285716,3.4740009852581015,0,0,0,0.5,0.0,0.0,0.02400778941996048,0.3405753232814088,5,26.069103705602064,low
synth_12201705016_0,2,0,5,0.1804622246416618,0,0.08950821394538228,0,2.5,0.20997570409345329,0,0,0,0.5,0.0,0.0,0.14408062036315,0.347040310181575,5,27.99468941472422,low
synth_12201705016_1,2,0,5,0.0,0,0.07750221623369973,0,2.5,0.02455211564781329,0,0,0,0.5,0.0,0.0,0.03100088649347989,0.29050044324673996,5,20.247564270777293,low
synth_12201705016_2,2,0,5,0.0,0,0.0,0,2.5,0.0,0,0,0,0.5,0.0,0.0,0.0,0.275,5,18.0,low
synth_12201705016_3,2,0,5,0.0,0,0.0,0,2.5,0.05641411735296518,0,0,0,0.5,0.0,0.0,0.0,0.275,5,18.0,low
synth_12201705017_0,2,1,4,0.2544684717289447,0,0.053395611757800894,0,3.0,3.136448226464765,0,0,0,0.5,0.0,0.0,0.1740393277404872,0.3870196638702436,5,32.98168008186296,low
synth_12201705017_1,2,0,5,0.0,0,0.007568430061639882,0,3.0,2.983375669476158,0,0,0,0.5,0.0,0.0,0.003027372024655953,0.301513686012328,5,21.219484471787556,low
synth_12201705017_2,2,0,5,0.0,0,0.0,0,3.0,2.908047325273387,0,0,0,0.5,0.0,0.0,0.0,0.30000000000000004,5,21.0,low
synth_12201705017_3,2,1,4,0.23852483355229834,0,0.0,0,3.0,3.1805868545702767,0,0,0,0.5,0.0,0.0,0.143114900131379,0.3715574500656895,5,30.779518175644235,low
synth_12201705018_0,2,1,4,0.22917900302400843,0,0.09120422660624636,0,3.0,3.8329130647490737,0,0,0,0.5,0.0,0.0,0.17398909245690358,0.3869945462284518,5,33.04126169556549,high
synth_12201705018_1,2,0,5,0.010784337578735453,0,0.08283595366851686,0,3.0,3.4349137506648657,0,0,0,0.5,0.0,0.0,0.039604984014648015,0.319802492007324,5,23.844400497115146,low
synth_12201705018_2,2,0,5,0.0,0,0.0,0,3.0,3.313683471323931,0,0,0,0.5,0.0,0.0,0.0,0.30000000000000004,5,21.0,low
synth_12201705018_3,2,0,5,0.0,0,0.0,0,3.0,3.8160290232690466,0,0,0,0.5,0.0,0.0,0.0,0.30000000000000004,5,21.0,low
synth_12201705019_0,2,1,4,0.20619664721059383,0,0.13366385071363193,0,2.9285714285714284,3.2418402332716307,0,0,0,0.5,0.0,0.0,0.17718352861180908,0.38502033573447597,5,32.901742777758244,low
synth_12201705019_1,2,0,5,0.0,0,0.03899074973771857,0,2.9285714285714284,3.0392375703803287,0,0,0,0.5,0.0,0.0,0.015596299895087429,0.3042267213761152,5,21.70216031382241,low
synth_12201705019_2,2,0,5,0.0,0,0.0,0,2.9285714285714284,2.6828089337847913,0,0,0,0.5,0.0,0.0,0.0,0.29642857142857143,5,20.57142857142857,low
synth_12201705019_3,2,0,5,0.0,0,0.15319951581182037,0,2.9285714285714284,3.0411314297148455,0,0,0,0.5,0.0,0.0,0.06127980632472815,0.32706847459093547,5,25.014214529971362,low
synth_12201705020_0,2,0,5,0.1439621756737321,0,0.12708386768839577,0,3.357142857142857,3.6757639817926253,0,0,0,0.5,0.0,0.0,0.13721085247959758,0.38646256909694165,5,32.730738508443636,low
synth_12201705020_1,2,0,5,0.0,0,0.021428975001375902,0,3.357142857142857,3.2138114056852327,0,0,0,0.5,0.0,0.0,0.00857159000055036,0.32214293785741804,5,23.764297417897048,low
synth_12201705020_2,2,0,5,0.0,0,0.0,0,3.357142857142857,3.1839120945449113,0,0,0,0.5,0.0,0.0,0.0,0.31785714285714284,5,23.142857142857146,low
synth_12201705020_3,2,0,5,0.040945311031775386,0,0.0,0,3.357142857142857,3.5082362388889186,0,0,0,0.5,0.0,0.0,0.02456718661906523,0.3301407361666755,5,24.82161489515994,low
synth_12201705021_0,2,1,4,0.22919088971737323,0,0.19952233625384985,0,3.357142857142857,3.837099174038233,0,0,0,0.5,0.0,0.0,0.21732346833196386,0.42651887702312485,5,38.32583137263109,high
synth_12201705021_1,2,0,5,0.0,0,0.01568334271778886,0,3.357142857142857,3.6051962569831435,0,0,0,0.5,0.0,0.0,0.006273337087115544,0.3209938114007006,5,23.59767408167302,low
synth_12201705021_2,2,0,5,0.0,0,0.0,0,3.357142857142857,3.4608787910227448,0,0,0,0.5,0.0,0.0,0.0,0.31785714285714284,5,23.142857142857146,low
synth_12201705021_3,2,0,5,0.07602454005615931,0,0.10725785702228395,0,3.357142857142857,3.762543912908915,0,0,0,0.5,0.0,0.0,0.08851786684260918,0.36211607627844744,5,29.370341138805912,low
synth_12201705022_0,2,0,5,0.1523965210182087,0,0.18618205185720305,0,2.6153846153846154,3.433647491055895,0,0,0,0.5,0.0,0.0,0.16591073335380643,0.36372459744613395,5,30.33984455791314,low
synth_12201705022_1,2,0,5,0.05680575398586435,0,0.07912675544304766,0,2.6153846153846154,2.9739744416341662,0,0,0,0.5,0.0,0.0,0.06573415456873768,0.31363630805359966,5,23.316019513576514,low
synth_12201705022_2,2,0,5,0.0,0,0.0,0,2.6153846153846154,2.91524011410077,0,0,0,0.5,0.0,0.0,0.0,0.28076923076923077,5,18.692307692307693,low
synth_12201705022_3,2,0,5,0.038666274925709815,0,0.15289321428955951,0,2.6153846153846154,2.8897383759158966,0,0,0,0.5,0.0,0.0,0.0843570506712497,0.3229477561048556,5,24.711528178659023,low
synth_12201705023_0,2,1,4,0.2864839506612228,0,0.06799816539504082,0,2.7142857142857144,3.2837564430312827,0,0,0,0.5,0.0,0.0,0.19908963655474998,0.38525910399166075,5,33.003503059280604,low
synth_12201705023_1,2,0,5,0.0,0,0.0,0,2.7142857142857144,2.949806096761058,0,0,0,0.5,0.0,0.0,0.0,0.2857142857142857,5,19.28571428571429,low
synth_12201705023_2,2,0,5,0.0,0,0.0,0,2.7142857142857144,2.777969533907773,0,0,0,0.5,0.0,0.0,0.0,0.2857142857142857,5,19.28571428571429,low
synth_12201705023_3,2,0,5,0.01707778919096312,0,0.04242694776839063,0,2.7142857142857144,2.9908634415020026,0,0,0,0.5,0.0,0.0,0.027217452621934122,0.2993230120252528,5,21.216285127827106,low
synth_12201705024_0,2,1,4,0.2553930327387383,0,0.10349581184893303,0,2.9285714285714284,3.233992550299149,0,0,0,0.5,0.0,0.0,0.1946341443828162,0.39374564361997955,5,34.0439214573359,low
synth_12201705024_1,2,0,5,0.03243553252236356,0,0.027494520130420017,0,2.9285714285714284,2.755112026554893,0,0,0,0.5,0.0,0.0,0.030459127565586143,0.31165813521136454,5,22.698626488627657,low
synth_12201705024_2,2,0,5,0.0,0,0.0,0,2.9285714285714284,2.7513406486149816,0,0,0,0.5,0.0,0.0,0.0,0.29642857142857143,5,20.57142857142857,low
synth_12201705024_3,2,0,5,0.030767314763866804,0,0.0,0,2.9285714285714284,2.8906348087475684,0,0,0,0.5,0.0,0.0,0.018460388858320083,0.30565876585773144,5,21.832888476747108,low
synth_12201705025_0,2,0,5,0.16240376839008658,0,0.1751760228963199,0,2.857142857142857,2.9967598499064687,0,0,0,0.5,0.0,0.0,0.1675126701925799,0.3766134779534328,5,31.881516310843967,low
synth_12201705025_1,2,0,5,0.07604896296450239,0,0.06360071135898542,0,2.857142857142857,2.985953308297148,0,0,0,0.5,0.0,0.0,0.0710696623222956,0.3283919740182907,5,25.10528525381232,low
synth_12201705025_2,2,0,5,0.0,0,0.0,0,2.857142857142857,2.6961053004875293,0,0,0,0.5,0.0,0.0,0.0,0.29285714285714287,5,20.142857142857146,low
synth_12201705025_3,2,0,5,0.04510467195246632,0,0.0,0,2.857142857142857,2.7530809823222153,0,0,0,0.5,0.0,0.0,0.027062803171479792,0.30638854444288277,5,21.992148692908266,low
synth_12201705026_0,2,0,5,0.1530820909571214,0,0.06183434667808405,0,3.5714285714285716,3.3993456150854486,0,0,0,0.5,0.0,0.0,0.11658299324550644,0.38686292519418186,5,32.49813321147785,low
synth_12201705026_1,2,0,5,0.02946564851826408,0,0.0,0,3.5714285714285716,3.207651657368424,0,0,0,0.5,0.0,0.0,0.017679389110958448,0.3374111231269078,5,25.636663017820258,low
synth_12201705026_2,2,0,5,0.0,0,0.0,0,3.5714285714285716,2.8937075744319336,0,0,0,0.5,0.0,0.0,0.0,0.3285714285714286,5,24.42857142857143,low
synth_12201705026_3,2,0,5,0.0,0,0.0,0,3.5714285714285716,3.409019997470807,0,0,0,0.5,0.0,0.0,0.0,0.3285714285714286,5,24.42857142857143,low
synth_12201705027_0,2,0,5,0.13311870099362438,0,0.11898182570717071,0,3.0714285714285716,3.3390972585655816,0,0,0,0.5,0.0,0.0,0.12746395087904291,0.3673034040109501,5,30.336911114817983,low
synth_12201705027_1,2,0,5,0.0,0,0.020647255952977034,0,3.0714285714285716,3.0110566701119326,0,0,0,0.5,0.0,0.0,0.008258902381190814,0.307700879762024,5,22.027341851207765,low
synth_12201705027_2,2,0,5,0.0,0,0.0,0,3.0714285714285716,3.0118382339173224,0,0,0,0.5,0.0,0.0,0.0,0.3035714285714286,5,21.42857142857143,low
synth_12201705027_3,2,0,5,0.06901830216295736,1,0.2681952933815611,0,3.0714285714285716,3.273860803388074,0,0,0,0.5,0.0,0.0,0.14868909865039887,0.377915977896628,5,32.03598532531796,low
synth_12201705028_0,2,1,4,0.24756853548418947,0,0.1912232617406705,0,2.7,3.395423736308406,0,0,0,0.5,0.0,0.0,0.22503042598678186,0.39751521299339093,5,34.89578454533121,low
synth_12201705028_1,2,0,5,0.040386355092152076,0,0.08499756855762906,0,2.7,3.0519952584434105,0,0,0,0.5,0.0,0.0,0.05823084047834287,0.31411542023917144,5,23.320770046949477,low
synth_12201705028_2,2,0,5,0.0,0,0.0,0,2.7,2.794486011124171,0,0,0,0.5,0.0,0.0,0.0,0.28500000000000003,5,19.200000000000003,low
synth_12201705028_3,2,0,5,0.0,0,0.0,0,2.7,3.0587773400067695,0,0,0,0.5,0.0,0.0,0.0,0.28500000000000003,5,19.200000000000003,low
synth_12201705029_0,2,0,5,0.16921768364462356,0,0.07389080780573457,0,3.142857142857143,3.3469580884498322,0,0,0,0.5,0.0,0.0,0.13108693330906795,0.3726863237973911,5,30.937901312938724,low
synth_12201705029_1,2,0,5,0.0,0,0.07834275356973282,0,3.142857142857143,3.0347431153338187,0,0,0,0.5,0.0,0.0,0.03133710142789313,0.32281140785680373,5,24.12908271066511,low
synth_12201705029_2,2,0,5,0.0,0,0.0,0,3.142857142857143,2.7470489500834607,0,0,0,0.5,0.0,0.0,0.0,0.30714285714285716,5,21.857142857142858,low
synth_12201705029_3,2,0,5,0.0,0,0.0,0,3.142857142857143,2.837284257392748,0,0,0,0.5,0.0,0.0,0.0,0.30714285714285716,5,21.857142857142858,low
synth_12201705030_0,2,1,4,0.2653030516263909,0,0.15200565319886672,0,3.0,3.436656966188534,0,0,0,0.5,0.0,0.0,0.2199840922553812,0.4099920461276906,5,36.28558905944916,low
synth_12201705030_1,2,0,5,0.0,0,0.049035417804171366,0,3.0,2.926866700642176,0,0,0,0.5,0.0,0.0,0.01961416712166855,0.3098070835608343,5,22.422027116320972,low
synth_12201705030_2,2,0,5,0.0,0,0.0,0,3.0,2.901423157261016,0,0,0,0.5,0.0,0.0,0.0,0.30000000000000004,5,21.0,low
synth_12201705030_3,2,0,5,0.0,0,0.03758010512206366,0,3.0,3.125260007803988,0,0,0,0.5,0.0,0.0,0.015032042048825465,0.3075160210244128,5,22.08982304853985,low
synth_12201705031_0,2,1,4,0.21684626045864505,0,0.16702307689082377,0,2.0,2.2689297079173203,0,0,0,0.5,0.0,0.0,0.19691698703151655,0.3484584935157583,5,28.73436590863834,low
synth_12201705031_1,2,0,5,0.062126782891803206,0,0.04072231461502672,0,2.0,1.8075736290735058,0,0,0,0.5,0.0,0.0,0.05356499558109261,0.2767824977905463,5,18.728145222399707,low
synth_12201705031_2,2,0,5,0.0,0,0.0,0,2.0,1.7755827033975282,0,0,0,0.5,0.0,0.0,0.0,0.25,5,15.0,low
synth_12201705031_3,2,0,5,0.037670855402983795,0,0.0,0,2.0,1.7414441419500086,0,0,0,0.5,0.0,0.0,0.022602513241790276,0.26130125662089515,5,16.544505071522337,low
synth_12201705032_0,2,0,5,0.10390404758558953,0,0.13176275662807624,0,3.3733333333333335,3.5902515781853204,0,0,0,0.5,0.0,0.0,0.11504753120258421,0.3761904322679588,5,31.321185893223387,low
synth_12201705032_1,2,0,5,0.08231406483032458,0,0.0,0,3.3733333333333335,3.4299607917723702,0,0,0,0.5,0.0,0.0,0.04938843889819475,0.3433608861157641,5,26.61487665804331,low
synth_12201705032_2,2,0,5,0.0,0,0.0,0,3.3733333333333335,3.135437159595849,0,0,0,0.5,0.0,0.0,0.0,0.31866666666666665,5,23.240000000000006,low
synth_12201705032_3,2,0,5,0.0,0,0.0972544875197565,0,3.3733333333333335,3.4470385598347852,0,0,0,0.5,0.0,0.0,0.038901795007902605,0.338117564170618,5,26.060380138072944,low
synth_12201705033_0,2,1,4,0.29364767080760523,0,0.1706753841433452,0,3.5384615384615383,3.597903134575765,0,0,0,0.5,0.0,0.0,0.2444587561419012,0.44915245499402756,5,41.21990987403806,high
synth_12201705033_1,2,0,5,0.0,0,0.018027499167375186,0,3.5384615384615383,3.3099648951894505,0,0,0,0.5,0.0,0.0,0.007210999666950074,0.330528576756552,5,24.75356670662311,low
synth_12201705033_2,2,0,5,0.0,0,0.0,0,3.5384615384615383,3.239511750816738,0,0,0,0.5,0.0,0.0,0.0,0.3269230769230769,5,24.23076923076923,low
synth_12201705033_3,2,0,5,0.008550065697222338,0,0.07337496790660092,0,3.5384615384615383,3.5340748353541165,0,0,0,0.5,0.0,0.0,0.03448002658097377,0.34416309021356384,5,26.709195993646773,low
synth_12201705034_0,2,0,5,0.1899684574698729,0,0.1857894221681768,0,1.8888888888888888,2.7373257145191014,0,0,0,0.5,0.0,0.0,0.18829684334919444,0.33859286611904166,5,27.50993333247525,low
synth_12201705034_1,2,0,5,0.041977977630017094,0,0.03773109094977842,0,1.8888888888888888,2.4210586206105726,0,0,0,0.5,0.0,0.0,0.04027922295792162,0.2645840559234053,5,17.14863205370761,low
synth_12201705034_2,2,0,5,0.0,0,0.0,0,1.8888888888888888,2.2407746878022627,0,0,0,0.5,0.0,0.0,0.0,0.24444444444444444,5,14.333333333333334,low
synth_12201705034_3,2,0,5,0.0017586449937035532,0,0.0,0,1.8888888888888888,2.4972616350390346,0,0,0,0.5,0.0,0.0,0.001055186996222132,0.2449720379425555,5,14.405437778075179,low
synth_12201705035_0,2,1,4,0.2280700111913628,0,0.0785010875585328,0,2.7142857142857144,3.289996613503366,0,0,0,0.5,0.0,0.0,0.16824244173823077,0.36983550658340114,5,30.913116283757613,low
synth_12201705035_1,2,0,5,0.0,0,0.0,0,2.7142857142857144,3.067785022727366,0,0,0,0.5,0.0,0.0,0.0,0.2857142857142857,5,19.28571428571429,low
synth_12201705035_2,2,0,5,0.0,0,0.0,0,2.7142857142857144,2.8827116680687594,0,0,0,0.5,0.0,0.0,0.0,0.2857142857142857,5,19.28571428571429,low
synth_12201705035_3,2,0,5,0.0,0,0.04059971157267302,0,2.7142857142857144,2.768631357183581,0,0,0,0.5,0.0,0.0,0.016239884629069206,0.2938342280288203,5,20.463105921321805,low
synth_12201705036_0,2,1,4,0.28471961589923656,0,0.10845739233042821,0,3.5,3.5581244108089614,0,0,0,0.5,0.0,0.0,0.21421472647171322,0.43210736323585663,5,38.818768629451114,high
synth_12201705036_1,2,0,5,0.0,0,0.02486138689781711,0,3.5,3.2802504951086737,0,0,0,0.5,0.0,0.0,0.009944554759126846,0.3299722773795635,5,24.720980220036697,low
synth_12201705036_2,2,0,5,0.0,0,0.0,0,3.5,3.249536191922384,0,0,0,0.5,0.0,0.0,0.0,0.325,5,24.0,low
synth_12201705036_3,2,0,5,0.19941043445147236,0,0.0,0,3.5,3.431544285573277,0,0,0,0.5,0.0,0.0,0.11964626067088341,0.3848231303354417,5,32.17582781251036,low
synth_12201705037_0,2,0,5,0.1015900277960083,0,0.18969644836008726,0,2.8181818181818183,2.447379322361347,0,0,0,0.5,0.0,0.0,0.13683259602163989,0.35932538891991084,5,29.57547905116978,low
synth_12201705037_1,2,0,5,0.0,0,0.0,0,2.8181818181818183,2.1783377908349046,0,0,0,0.5,0.0,0.0,0.0,0.2909090909090909,5,19.90909090909091,low
synth_12201705037_2,2,0,5,0.0,0,0.0,0,2.8181818181818183,2.1550565687345626,0,0,0,0.5,0.0,0.0,0.0,0.2909090909090909,5,19.90909090909091,low
synth_12201705037_3,2,0,5,0.16770527250224854,0,0.035543083404823025,0,2.8181818181818183,2.295376330636901,0,0,0,0.5,0.0,0.0,0.11484039686327832,0.34832928934073004,5,27.815756500422967,low
synth_12201705038_0,2,0,5,0.11039127761519581,0,0.19190997061976944,0,2.5,3.1436600086517026,0,0,0,0.5,0.0,0.0,0.14299875481702526,0.34649937740851267,5,28.091431530196342,low
synth_12201705038_1,2,0,5,0.0779637418534195,0,0.05438547132257088,0,2.5,2.606967905756659,0,0,0,0.5,0.0,0.0,0.06853243364108005,0.30926621682054,5,22.773692084344756,low
synth_12201705038_2,2,0,5,0.0,0,0.0,0,2.5,2.5879761032861692,0,0,0,0.5,0.0,0.0,0.0,0.275,5,18.0,low
synth_12201705038_3,2,0,5,0.0649109048466977,0,0.0,0,2.5,2.6611159637792308,0,0,0,0.5,0.0,0.0,0.03894654290801862,0.2944732714540093,5,20.661347098714607,low
synth_12201705039_0,2,1,4,0.20920636198255788,0,0.12681793809846303,0,3.0,3.3840186590036714,0,0,0,0.5,0.0,0.0,0.17625099242891995,0.38812549621446,5,33.25518104614031,low
synth_12201705039_1,2,0,5,0.0335577633045511,0,0.0,0,3.0,2.9853500935948345,0,0,0,0.5,0.0,0.0,0.020134657982730658,0.31006732899136535,5,22.375868295486598,low
synth_12201705039_2,2,0,5,0.0,0,0.0,0,3.0,2.7728796697151514,0,0,0,0.5,0.0,0.0,0.0,0.30000000000000004,5,21.0,low
synth_12201705039_3,2,0,5,0.0,0,0.08156365378889371,0,3.0,3.0954080756488986,0,0,0,0.5,0.0,0.0,0.03262546151555749,0.31631273075777877,5,23.36534595987792,low
synth_12201705041_0,2,1,4,0.2747398228083813,0,0.15063999564037642,0,3.2,3.328827647352271,0,0,0,0.5,0.0,0.0,0.22509989194117933,0.4225499459705897,5,37.83289260871455,low
synth_12201705041_1,2,0,5,0.09522634692846549,0,0.04185786230253896,0,3.2,3.1518945725857646,0,0,0,0.5,0.0,0.0,0.07387895307809487,0.34693947653904744,5,27.318158230840712,low
synth_12201705041_2,2,0,5,0.0,0,0.0,0,3.2,2.7735849545713296,0,0,0,0.5,0.0,0.0,0.0,0.31000000000000005,5,22.200000000000003,low
synth_12201705041_3,2,0,5,0.151515553443523,0,0.0,0,3.2,3.3813473376460985,0,0,0,0.5,0.0,0.0,0.09090933206611379,0.3554546660330569,5,28.41213769118444,low
synth_12201705042_0,2,0,5,0.13609781111101002,0,0.115785703900199,0,2.923076923076923,3.625000106230247,0,0,0,0.5,0.0,0.0,0.12797296822668563,0.36014033026718895,5,29.476257207118717,low
synth_12201705042_1,2,0,5,0.09162060311746376,0,0.04499857984825617,0,2.923076923076923,3.113070530217789,0,0,0,0.5,0.0,0.0,0.07297179380978072,0.33263974305873656,5,25.599865081876978,low
synth_12201705042_2,2,0,5,0.0,0,0.0,0,2.923076923076923,3.0362651755543357,0,0,0,0.5,0.0,0.0,0.0,0.29615384615384616,5,20.538461538461537,low
synth_12201705042_3,2,0,5,0.15270707871088887,0,0.04749287646267914,0,2.923076923076923,3.421080746942148,0,0,0,0.5,0.0,0.0,0.11062139781160499,0.35146454505964864,5,28.176745183025673,low
synth_12201705043_0,2,1,4,0.22863297129017987,0,0.08589907418859705,0,3.0,2.920655063079921,0,0,0,0.5,0.0,0.0,0.17153941244954674,0.38576970622477336,5,32.86502497436669,low
synth_12201705043_1,2,0,5,0.03526318113300034,0,0.09495661706374862,0,3.0,2.9354541652145394,0,0,0,0.5,0.0,0.0,0.05914055550529966,0.32957027775264985,5,25.199532321301724,low
synth_12201705043_2,2,0,5,0.0,0,0.0,0,3.0,2.6913169192742297,0,0,0,0.5,0.0,0.0,0.0,0.30000000000000004,5,21.0,low
synth_12201705043_3,2,0,5,0.13885899462160325,0,0.060087270786892834,0,3.0,2.853604424081888,0,0,0,0.5,0.0,0.0,0.10735030508771908,0.35367515254385956,5,28.43574963230563,low
synth_12201705044_0,2,1,4,0.29458559024753583,0,0.06198374207448763,0,3.2857142857142856,3.732624496400685,0,0,0,0.5,0.0,0.0,0.20154485097831656,0.4150581397748726,5,36.58982343459483,high
synth_12201705044_1,2,0,5,0.0,0,0.0052158347309000375,0,3.2857142857142856,3.344276070008955,0,0,0,0.5,0.0,0.0,0.002086333892360015,0.3153288812318943,5,22.865544921481813,low
synth_12201705044_2,2,0,5,0.0,0,0.0,0,3.2857142857142856,3.10523368586771,0,0,0,0.5,0.0,0.0,0.0,0.3142857142857143,5,22.71428571428571,low
synth_12201705044_3,2,0,5,0.0,0,0.0,0,3.2857142857142856,3.332020512342809,0,0,0,0.5,0.0,0.0,0.0,0.3142857142857143,5,22.71428571428571,low
synth_12201705045_0,2,1,4,0.2786741443002767,0,0.13855077912423436,0,2.8,2.3547425987655304,0,0,0,0.5,0.0,0.0,0.22262479822985975,0.4013123991149299,5,35.24361251091414,low
synth_12201705045_1,2,0,5,0.0,0,0.025588070471101995,0,2.8,2.0207162322547054,0,0,0,0.5,0.0,0.0,0.010235228188440798,0.2951176140942204,5,20.542054043661956,low
synth_12201705045_2,2,0,5,0.0,0,0.0,0,2.8,1.9334747770893812,0,0,0,0.5,0.0,0.0,0.0,0.29,5,19.8,low
synth_12201705045_3,2,0,5,0.0,0,0.0,0,2.8,2.0182697307736777,0,0,0,0.5,0.0,0.0,0.0,0.29,5,19.8,low
synth_12201705046_0,2,1,4,0.2633018975723783,0,0.13779916367794282,0,3.0,3.197486120969879,0,0,0,0.5,0.0,0.0,0.21310080401460413,0.4065504020073021,5,35.791553547127855,low
synth_12201705046_1,2,0,5,0.03386493522846526,0,0.09649367446500857,0,3.0,2.75268707304655,0,0,0,0.5,0.0,0.0,0.05891643092308259,0.3294582154615413,5,25.18677890385232,low
synth_12201705046_2,2,0,5,0.0,0,0.0,0,3.0,2.6888439176765173,0,0,0,0.5,0.0,0.0,0.0,0.30000000000000004,5,21.0,low
synth_12201705046_3,2,0,5,0.0,0,0.0,0,3.0,2.6730648230321474,0,0,0,0.5,0.0,0.0,0.0,0.30000000000000004,5,21.0,low
synth_12201705047_0,2,1,4,0.2885036347153507,0,0.19975447615412223,0,3.0,2.3263265514649643,0,0,0,0.5,0.0,0.0,0.2530039712908593,0.4265019856454296,5,38.621528831798926,low
synth_12201705047_1,2,0,5,0.0,0,0.0,0,3.0,1.8208726509068653,0,0,0,0.5,0.0,0.0,0.0,0.30000000000000004,5,21.0,low
synth_12201705047_2,2,0,5,0.0,0,0.0,0,3.0,1.8797865334755834,0,0,0,0.5,0.0,0.0,0.0,0.30000000000000004,5,21.0,low
synth_12201705047_3,2,0,5,0.10789306166962631,0,0.0,0,3.0,2.0741004160781116,0,0,0,0.5,0.0,0.0,0.06473583700177578,0.33236791850088787,5,25.423615528454675,low
synth_12201705048_0,2,1,4,0.26306060380998086,0,0.1429453176969823,0,3.0,3.3765192981694847,0,0,0,0.5,0.0,0.0,0.21501448936478143,0.40750724468239075,5,35.930898969421705,low
synth_12201705048_1,2,0,5,0.08174261201928354,0,0.05976913607913607,0,3.0,2.916701948204925,0,0,0,0.5,0.0,0.0,0.07295322164322456,0.3364766108216123,5,26.084752039085572,low
synth_12201705048_2,2,0,5,0.0,0,0.0,0,3.0,2.719810486642447,0,0,0,0.5,0.0,0.0,0.0,0.30000000000000004,5,21.0,low
synth_12201705048_3,2,0,5,0.0,0,0.0,0,3.0,2.608841687022295,0,0,0,0.5,0.0,0.0,0.0,0.30000000000000004,5,21.0,low
synth_12201705049_0,2,0,5,0.17319443121157324,0,0.1929799755342903,0,2.6,3.2581407112509937,0,0,0,0.5,0.0,0.0,0.1811086489406601,0.37055432447033004,5,31.29739097016892,low
synth_12201705049_1,2,0,5,0.0,0,0.0,0,2.6,2.9959622483725505,0,0,0,0.5,0.0,0.0,0.0,0.28,5,18.6,low
synth_12201705049_2,2,0,5,0.0,0,0.0,0,2.6,2.9269331381729424,0,0,0,0.5,0.0,0.0,0.0,0.28,5,18.6,low
synth_12201705049_3,2,0,5,0.0,0,0.103422297992463,0,2.6,3.3191489374609606,0,0,0,0.5,0.0,0.0,0.0413689191969852,0.3006844595984926,5,21.599246641781427,low
synth_12201705050_0,2,1,4,0.2960733488159914,0,0.19803383076838998,0,2.2,2.6281783789790234,0,0,0,0.5,0.0,0.0,0.25685754159695084,0.38842877079847543,5,34.08198839373895,low
synth_12201705050_1,2,0,5,0.026637262952290353,0,0.08213490640852912,0,2.2,2.3360626987913067,0,0,0,0.5,0.0,0.0,0.04883632033478586,0.28441816016739296,5,19.67404006689125,low
synth_12201705050_2,2,0,5,0.0,0,0.0,0,2.2,2.335148326538483,0,0,0,0.5,0.0,0.0,0.0,0.26,5,16.200000000000003,low
synth_12201705050_3,2,0,5,0.0,1,0.22389896093384662,0,2.2,2.650205225272222,0,0,0,0.5,0.0,0.0,0.08955958437353866,0.3047797921867693,5,22.693069867081554,low
synth_12201705051_0,2,0,5,0.169303541565659,0,0.0810294439336046,0,2.5,0.3958161123517817,0,0,0,0.5,0.0,0.0,0.13399390251283724,0.3419969512564186,5,27.291299078266555,low
synth_12201705051_1,2,0,5,0.0,0,0.0028254406179804015,0,2.5,0.1738441745820407,0,0,0,0.5,0.0,0.0,0.0011301762471921607,0.27556508812359604,5,18.081937777921432,low
synth_12201705051_2,2,0,5,0.0,0,0.0,0,2.5,0.0,0,0,0,0.5,0.0,0.0,0.0,0.275,5,18.0,low
synth_12201705051_3,2,0,5,0.0,0,0.1365463610826228,0,2.5,0.14742238275498107,0,0,0,0.5,0.0,0.0,0.05461854443304912,0.3023092722165246,5,21.95984447139606,low
synth_12201705052_0,2,0,5,0.13146746774984927,0,0.17201835642801164,0,2.7142857142857144,3.4347755649964,0,0,0,0.5,0.0,0.0,0.14768782322111423,0.35955819732484284,5,29.664412799870444,low
synth_12201705052_1,2,0,5,0.0,0,0.05984988216222685,0,2.7142857142857144,2.9781506327299163,0,0,0,0.5,0.0,0.0,0.023939952864890743,0.2976842621467311,5,21.021360868418867,low
synth_12201705052_2,2,0,5,0.0,0,0.0,0,2.7142857142857144,2.8686123063403337,0,0,0,0.5,0.0,0.0,0.0,0.2857142857142857,5,19.28571428571429,low
synth_12201705052_3,2,0,5,0.0,0,0.0,0,2.7142857142857144,3.0714774999751926,0,0,0,0.5,0.0,0.0,0.0,0.2857142857142857,5,19.28571428571429,low
synth_12201705053_0,2,1,4,0.2346125051114492,0,0.0518928481002684,0,3.769230769230769,3.6530967915584114,0,0,0,0.5,0.0,0.0,0.16152464230697688,0.41922385961502695,5,36.73938991986182,high
synth_12201705053_1,2,0,5,0.0,0,0.0,0,3.769230769230769,3.125739018173716,0,0,0,0.5,0.0,0.0,0.0,0.3384615384615385,5,25.615384615384617,low
synth_12201705053_2,2,0,5,0.0,0,0.0,0,3.769230769230769,3.002387526632984,0,0,0,0.5,0.0,0.0,0.0,0.3384615384615385,5,25.615384615384617,low
synth_12201705053_3,2,0,5,0.0,0,0.0,0,3.769230769230769,3.503813725061415,0,0,0,0.5,0.0,0.0,0.0,0.3384615384615385,5,25.615384615384617,low
synth_12201705054_0,2,0,5,0.1141189828349658,0,0.10852158914963447,0,3.0,2.531283524274653,0,0,0,0.5,0.0,0.0,0.11188002536083327,0.35594001268041664,5,28.826004381573,low
synth_12201705054_1,2,0,5,0.03634668512871428,0,0.021657281898928238,0,3.0,2.1426249011141802,0,0,0,0.5,0.0,0.0,0.030470923836799862,0.3152354619183999,5,23.118275265346202,low
synth_12201705054_2,2,0,5,0.0,0,0.0,0,3.0,2.1259611043478306,0,0,0,0.5,0.0,0.0,0.0,0.30000000000000004,5,21.0,low
synth_12201705054_3,2,0,5,0.03474310573486364,0,0.0,0,3.0,2.119553014109162,0,0,0,0.5,0.0,0.0,0.020845863440918183,0.3104229317204591,5,22.42446733512941,low
synth_12201800001_0,2,1,4,0.27759551596561405,0,0.12382815987169037,0,3.9166666666666665,4.0,0,0,0,0.5,0.0,0.0,0.2160885735280446,0.45387762009735566,5,41.4724327908692,high
synth_12201800001_1,2,0,5,0.0,0,0.007909067945936044,0,3.9166666666666665,3.9984627949975393,0,0,0,0.5,0.0,0.0,0.0031636271783744177,0.3474151469225205,5,26.729362970432145,low
synth_12201800001_2,2,0,5,0.0,0,0.0,0,3.9166666666666665,3.6183446889651476,0,0,0,0.5,0.0,0.0,0.0,0.3458333333333333,5,26.5,low
synth_12201800001_3,2,1,4,0.24473203622820652,0,0.0,0,3.9166666666666665,3.636069186857824,0,0,0,0.5,0.0,0.0,0.1468392217369239,0.41925294420179526,5,36.53401348535647,high
synth_12201800002_0,2,1,4,0.2053703814071477,0,0.05044335917941686,0,3.923076923076923,3.9158413559985004,0,0,0,0.5,0.0,0.0,0.14339957251605537,0.4178536324118738,5,36.42150459235768,high
synth_12201800002_1,2,0,5,0.055375414876196516,0,0.032635383264391304,0,3.923076923076923,3.550544415225354,0,0,0,0.5,0.0,0.0,0.046279402231474434,0.36929354726958336,5,29.75527966305294,low
synth_12201800002_2,2,0,5,0.0,0,0.0,0,3.923076923076923,3.5974592498863007,0,0,0,0.5,0.0,0.0,0.0,0.34615384615384615,5,26.538461538461537,low
synth_12201800002_3,2,0,5,0.0,0,0.13903885581928177,0,3.923076923076923,3.9817047335175526,0,0,0,0.5,0.0,0.0,0.05561554232771271,0.3739616173177025,5,30.570588357220707,low
synth_12201800003_0,2,0,5,0.17691174498480525,0,0.11593040097097973,0,2.75,3.2611285814415565,0,0,0,0.5,0.0,0.0,0.15251920737927505,0.36375960368963756,5,30.115363172535428,low
synth_12201800003_1,2,0,5,0.05617243852509715,0,0.05938153436688129,0,2.75,2.9768880750657476,0,0,0,0.5,0.0,0.0,0.05745607686181081,0.3162280384309054,5,23.525134476168542,low
synth_12201800003_2,2,0,5,0.0,0,0.0,0,2.75,2.8821138918155937,0,0,0,0.5,0.0,0.0,0.0,0.2875,5,19.5,low
synth_12201800003_3,2,0,5,0.0,0,0.0,0,2.75,3.26741203303002,0,0,0,0.5,0.0,0.0,0.0,0.2875,5,19.5,low
synth_12201800004_0,2,0,5,0.12130455812973746,0,0.1990244132099856,0,3.5384615384615383,3.811901369040195,0,0,0,0.5,0.0,0.0,0.15239250016183672,0.40311932700399533,5,34.97596409717805,low
synth_12201800004_1,2,0,5,0.030555294496099283,0,0.02956327661112683,0,3.5384615384615383,3.470461817202039,0,0,0,0.5,0.0,0.0,0.030158487342110303,0.34200232059413205,5,26.340871326831973,low
synth_12201800004_2,2,0,5,0.0,0,0.0,0,3.5384615384615383,3.331913510988439,0,0,0,0.5,0.0,0.0,0.0,0.3269230769230769,5,24.23076923076923,low
synth_12201800004_3,2,0,5,0.0,0,0.05204608505536751,0,3.5384615384615383,3.2987087909436275,0,0,0,0.5,0.0,0.0,0.020818434022147003,0.33733229393415043,5,25.740105697374887,low
synth_12201800005_0,2,0,5,0.1296190400667507,0,0.19923749538106433,0,3.1666666666666665,3.760324257014502,0,0,0,0.5,0.0,0.0,0.15746642219247617,0.38706654442957145,5,33.09226800878764,low
synth_12201800005_1,2,0,5,0.0,0,0.0,0,3.1666666666666665,3.5005503942385796,0,0,0,0.5,0.0,0.0,0.0,0.30833333333333335,5,22.0,low
synth_12201800005_2,2,0,5,0.0,0,0.0,0,3.1666666666666665,3.510601807007063,0,0,0,0.5,0.0,0.0,0.0,0.30833333333333335,5,22.0,low
synth_12201800005_3,2,0,5,0.10526766064072611,0,0.014883281024612735,0,3.1666666666666665,3.6465862021843276,0,0,0,0.5,0.0,0.0,0.06911390879428075,0.3428902877304737,5,26.74758923598354,low
synth_12201800006_0,2,1,4,0.2900125387045538,0,0.11724303208384165,0,3.3333333333333335,3.796293142136895,0,0,0,0.5,0.0,0.0,0.22090473605626892,0.42711903469480117,5,38.290562017318116,high
synth_12201800006_1,2,0,5,0.0,0,0.0,0,3.3333333333333335,3.243257922336637,0,0,0,0.5,0.0,0.0,0.0,0.31666666666666665,5,23.0,low
synth_12201800006_2,2,0,5,0.0,0,0.0,0,3.3333333333333335,3.180446460056952,0,0,0,0.5,0.0,0.0,0.0,0.31666666666666665,5,23.0,low
synth_12201800006_3,2,0,5,0.0,0,0.18810425393600594,0,3.3333333333333335,3.2368317438976963,0,0,0,0.5,0.0,0.0,0.07524170157440238,0.3542875174538679,5,28.455023364144175,low
